filename,predicted,groundtruth
/home/ubuntu/mtcnn_aligned_images/female/midestern/abi-lewis-5f8i3ckEswk-unsplash.jpg,5.918034296735244,4.425
/home/ubuntu/mtcnn_aligned_images/female/midestern/56.jpg,5.567456132333866,7.35
/home/ubuntu/mtcnn_aligned_images/female/midestern/pexels-ricael-sousa-1837158.jpg,8.302560174998108,7.555555555555555
/home/ubuntu/mtcnn_aligned_images/female/midestern/3.jpg,5.592155855920273,6.097368421052631
/home/ubuntu/mtcnn_aligned_images/female/midestern/kirill-balobanov-Ef3AOkt6hHg-unsplash.jpg,4.142181782955857,8.333333333333334
/home/ubuntu/mtcnn_aligned_images/female/midestern/girl-1360874_1920.jpg,5.721651889374515,8.342105263157896
/home/ubuntu/mtcnn_aligned_images/female/midestern/houcine-ncib-2Qg42qfZpRo-unsplash.jpg,6.047176590683859,6.428571428571429
/home/ubuntu/mtcnn_aligned_images/female/midestern/s-jDpjN4U5mxE-unsplash.jpg,6.568554819617407,5.0
/home/ubuntu/mtcnn_aligned_images/female/midestern/warrior-1240995_1920.jpg,7.041249795967816,6.816666666666667
/home/ubuntu/mtcnn_aligned_images/female/midestern/joao-paulo-de-souza-oliveira-7-CSeYLI-KM-unsplash.jpg,6.269730658066904,7.85
/home/ubuntu/mtcnn_aligned_images/female/midestern/ashkan-forouzani-SNYaOnl22u8-unsplash.jpg,5.864579738364637,4.571428571428571
/home/ubuntu/mtcnn_aligned_images/female/midestern/jan-kopriva-VKHv4GLr5O0-unsplash.jpg,3.8102642922850696,6.083333333333333
/home/ubuntu/mtcnn_aligned_images/female/midestern/bardia-hashemirad-3P7jxpEgkC4-unsplash.jpg,6.9136783959772785,7.475
/home/ubuntu/mtcnn_aligned_images/female/midestern/the-model-shows-makeup-4600504_1920.jpg,7.490324750554164,8.05
/home/ubuntu/mtcnn_aligned_images/female/midestern/41.jpg,5.5943971864131115,7.190476190476191
/home/ubuntu/mtcnn_aligned_images/female/midestern/pexels-mohamed-abdelgaffar-1698731.jpg,5.847738212379002,7.0
/home/ubuntu/mtcnn_aligned_images/female/midestern/pexels-matheus-henrin-2071150.jpg,7.12695296920145,5.0
/home/ubuntu/mtcnn_aligned_images/female/midestern/latin-4793762_1920.jpg,8.967404597077744,6.15
/home/ubuntu/mtcnn_aligned_images/female/midestern/pexels-samad-ismayilov-786858.jpg,5.9383432249199934,8.11111111111111
/home/ubuntu/mtcnn_aligned_images/female/midestern/pratik-gupta--LXaJgKwxzs-unsplash.jpg,6.546185096570822,6.325
/home/ubuntu/mtcnn_aligned_images/female/midestern/50.jpg,5.471152719014878,7.894736842105263
/home/ubuntu/mtcnn_aligned_images/female/midestern/smile-2504329_1920.jpg,7.193359661531359,6.285714285714286
/home/ubuntu/mtcnn_aligned_images/female/midestern/pexels-andrea-piacquadio-3762807.jpg,5.947189064891523,5.888888888888889
/home/ubuntu/mtcnn_aligned_images/female/midestern/pexels-pixabay-35551.jpg,7.197221872739824,7.222222222222222
/home/ubuntu/mtcnn_aligned_images/female/midestern/pexels-artem-podrez-5125221.jpg,6.583560353146167,8.333333333333334
/home/ubuntu/mtcnn_aligned_images/female/midestern/wall-3449760_1920.jpg,6.650567598073062,5.952380952380953
/home/ubuntu/mtcnn_aligned_images/female/midestern/michele-seghieri-vsS70e-zC34-unsplash.jpg,6.40696600620757,6.916666666666667
/home/ubuntu/mtcnn_aligned_images/female/midestern/jakob-owens-HjL1JGnuh3o-unsplash.jpg,6.565292473047698,6.266666666666667
/home/ubuntu/mtcnn_aligned_images/female/midestern/july-brenda-gonzales-callapaza-DEseREQoXPQ-unsplash.jpg,5.617838744329145,7.166666666666666
/home/ubuntu/mtcnn_aligned_images/female/midestern/alan-santana-0HEgM6UpGPY-unsplash.jpg,6.579141398350328,6.684210526315789
/home/ubuntu/mtcnn_aligned_images/female/midestern/alexandru-zdrobau-BGz8vO3pK8k-unsplash.jpg,6.193058604126602,7.95
/home/ubuntu/mtcnn_aligned_images/female/midestern/pexels-lucas-macario-1891709.jpg,7.134804122833144,7.111111111111111
/home/ubuntu/mtcnn_aligned_images/female/midestern/barry-fitzsimmons-FdPjKwHWqPo-unsplash.jpg,6.769151802861285,5.809523809523809
/home/ubuntu/mtcnn_aligned_images/female/midestern/nathan-bingle-Rmdja7-az8M-unsplash.jpg,7.669788615374985,5.175438596491229
/home/ubuntu/mtcnn_aligned_images/female/midestern/kamal-alkhatib-IETO_Z0BrsE-unsplash (1).jpg,4.601161935989528,7.444444444444445
/home/ubuntu/mtcnn_aligned_images/female/midestern/cristian-newman-f49XhYbpiA0-unsplash.jpg,8.340639672151168,8.3859649122807
/home/ubuntu/mtcnn_aligned_images/female/midestern/daniil-lobachev-XAo09LtQiAQ-unsplash.jpg,5.493083555123342,6.666666666666667
/home/ubuntu/mtcnn_aligned_images/female/midestern/the-creative-exchange-UhpAf0ySwuk-unsplash.jpg,7.057525156049685,6.975
/home/ubuntu/mtcnn_aligned_images/female/midestern/cafe-4730085_1920.jpg,8.486509828294023,5.842105263157895
/home/ubuntu/mtcnn_aligned_images/female/midestern/mosoianu-bogdan-eY1_nQs9aNI-unsplash.jpg,5.854464307350073,3.904761904761905
/home/ubuntu/mtcnn_aligned_images/female/midestern/qasim-sadiq-A4FN0SPut6w-unsplash.jpg,5.81940033876407,3.333333333333333
/home/ubuntu/mtcnn_aligned_images/female/midestern/24.jpg,7.014462315808382,7.380952380952381
/home/ubuntu/mtcnn_aligned_images/female/midestern/photography-4403690_1920.jpg,6.822312679619181,5.809523809523809
/home/ubuntu/mtcnn_aligned_images/female/midestern/woman-1584341_1280.jpg,6.378371109036483,5.316666666666666
/home/ubuntu/mtcnn_aligned_images/female/midestern/luiza-braun-f11edIs0_ZU-unsplash.jpg,9.53244752843424,5.4
/home/ubuntu/mtcnn_aligned_images/female/midestern/alireza-esmaeeli-JfR_6qzips8-unsplash.jpg,5.844737322915476,8.142857142857142
/home/ubuntu/mtcnn_aligned_images/female/midestern/raamin-ka-FfZRzlmFsvY-unsplash.jpg,6.985658012222077,8.583333333333334
/home/ubuntu/mtcnn_aligned_images/female/midestern/girl-1518158_1920.jpg,7.472345417351068,7.0
/home/ubuntu/mtcnn_aligned_images/female/midestern/ali-pazani-4GSOe3Dl314-unsplash.jpg,5.735261673180343,7.935185185185184
/home/ubuntu/mtcnn_aligned_images/female/midestern/woman-1462682_1920.jpg,7.713362076289945,7.225
/home/ubuntu/mtcnn_aligned_images/female/midestern/face-2432004_1920.jpg,7.298412895715828,6.714285714285714
/home/ubuntu/mtcnn_aligned_images/female/midestern/anastasia-leonova-J52-_tGlXfU-unsplash.jpg,5.652968878511013,7.416666666666667
/home/ubuntu/mtcnn_aligned_images/female/midestern/raamin-ka-4eOyl_iUQB8-unsplash.jpg,5.788258950387078,7.982456140350878
/home/ubuntu/mtcnn_aligned_images/female/midestern/daniel-tong-Vaznn9k5GqQ-unsplash.jpg,5.506346599467728,7.833333333333333
/home/ubuntu/mtcnn_aligned_images/female/midestern/derek-perez-I-MGoMKFWpE-unsplash.jpg,7.456320454913688,7.166666666666667
/home/ubuntu/mtcnn_aligned_images/female/midestern/joshua-rawson-harris-eMDcPM6bqVc-unsplash.jpg,5.742195038031527,6.619047619047619
/home/ubuntu/mtcnn_aligned_images/female/midestern/hisu-lee-NayZJyAK8vg-unsplash.jpg,7.324891350994764,6.666666666666667
/home/ubuntu/mtcnn_aligned_images/female/midestern/pexels-samad-ismayilov-735552.jpg,5.253529645622447,7.555555555555555
/home/ubuntu/mtcnn_aligned_images/female/midestern/julian-florez-l5rmMuK8070-unsplash.jpg,6.792687221530297,6.714285714285714
/home/ubuntu/mtcnn_aligned_images/female/midestern/pexels-engin-akyurt-3168993.jpg,4.501362709400429,6.777777777777778
/home/ubuntu/mtcnn_aligned_images/female/midestern/kal-visuals-b1Hg7QI-zcc-unsplash.jpg,6.239685690877963,6.523809523809524
/home/ubuntu/mtcnn_aligned_images/female/midestern/luke-braswell-oYFv-_JKsVk-unsplash.jpg,7.115490186285256,5.904761904761905
/home/ubuntu/mtcnn_aligned_images/female/midestern/khaled-ghareeb-xZSEvSlHRv8-unsplash.jpg,5.496368327545559,7.75
/home/ubuntu/mtcnn_aligned_images/female/midestern/girl-1364014_1920.jpg,6.470140678424438,6.952380952380953
/home/ubuntu/mtcnn_aligned_images/female/midestern/ana-itonishvili-tsqu8UcbL3w-unsplash.jpg,5.118770819234629,6.75
/home/ubuntu/mtcnn_aligned_images/female/midestern/joao-paulo-de-souza-oliveira-PK5HVHRWYa8-unsplash.jpg,6.636900653118616,6.523809523809524
/home/ubuntu/mtcnn_aligned_images/female/midestern/portrait-2650253_1920.jpg,10.403784277435038,6.142857142857143
/home/ubuntu/mtcnn_aligned_images/female/midestern/ospan-ali-ue9wiyU842k-unsplash.jpg,5.754531152805416,8.0
/home/ubuntu/mtcnn_aligned_images/female/midestern/d10.jpg,7.703951584355646,7.833333333333333
/home/ubuntu/mtcnn_aligned_images/female/midestern/model-4606802_1920.jpg,6.037361469534167,7.578947368421052
/home/ubuntu/mtcnn_aligned_images/female/midestern/d2.jpg,7.486042285560261,7.833333333333333
/home/ubuntu/mtcnn_aligned_images/female/midestern/jyotirmoy-gupta-fpBNEz7N14s-unsplash.jpg,6.781436347664239,5.583333333333334
/home/ubuntu/mtcnn_aligned_images/female/midestern/raamin-ka-hdra4gfbznU-unsplash.jpg,5.855876142966375,7.7
/home/ubuntu/mtcnn_aligned_images/female/midestern/ghaly-wedinly-K07jvi25Qxg-unsplash.jpg,6.8369379520244165,7.380952380952381
/home/ubuntu/mtcnn_aligned_images/female/midestern/kunal-goswami-YHSohAq-PuI-unsplash.jpg,6.3535201845281115,7.566666666666666
/home/ubuntu/mtcnn_aligned_images/female/midestern/model-5046435_1920.jpg,5.804533383403491,7.523809523809524
/home/ubuntu/mtcnn_aligned_images/female/midestern/shahin-khalaji-Fwp2mRiD7N4-unsplash.jpg,7.019590931785511,6.15
/home/ubuntu/mtcnn_aligned_images/female/midestern/jamill-del-rosario-jn3w2ouoPv4-unsplash.jpg,6.996409514677736,7.833333333333333
/home/ubuntu/mtcnn_aligned_images/female/midestern/sayan-ghosh-ZRVmiVKFMDs-unsplash.jpg,6.740153172606935,6.285714285714286
/home/ubuntu/mtcnn_aligned_images/female/midestern/pexels-arsham-haghani-3536991.jpg,5.245641559074927,7.555555555555555
/home/ubuntu/mtcnn_aligned_images/female/midestern/pexels-mohamed-abdelgaffar-764529.jpg,6.661132228855843,8.0
/home/ubuntu/mtcnn_aligned_images/female/midestern/karthik-pillai-jF9aTJ_T_Tw-unsplash.jpg,7.068917935869959,7.733333333333334
/home/ubuntu/mtcnn_aligned_images/female/midestern/girl-3551364_1920.jpg,4.073327365102298,6.666666666666667
/home/ubuntu/mtcnn_aligned_images/female/midestern/gursimrat-ganda-KrCDlVjrMsQ-unsplash.jpg,5.555435253928787,6.75
/home/ubuntu/mtcnn_aligned_images/female/midestern/pexels-fotografierende-1793059.jpg,5.818364133975367,6.444444444444445
/home/ubuntu/mtcnn_aligned_images/female/midestern/shalom-de-leon-QsqKwK09TUI-unsplash.jpg,5.4823175896595515,5.416666666666667
/home/ubuntu/mtcnn_aligned_images/female/midestern/hamza-nouasria-1H52tHTJPiI-unsplash.jpg,4.208703882134062,6.75
/home/ubuntu/mtcnn_aligned_images/female/midestern/ana-itonishvili-qToBjrHjuYo-unsplash.jpg,7.502247396169442,7.0
/home/ubuntu/mtcnn_aligned_images/female/midestern/ronny-sison-7eDUHk7Jb_o-unsplash.jpg,6.358486541839887,5.190476190476191
/home/ubuntu/mtcnn_aligned_images/female/midestern/jordan-dca_s9Wy8c0-unsplash.jpg,6.150911051697856,7.833333333333333
/home/ubuntu/mtcnn_aligned_images/female/midestern/jonathan-borba-5rQG1mib90I-unsplash.jpg,5.911304995627733,7.666666666666667
/home/ubuntu/mtcnn_aligned_images/female/midestern/girl-2651718_1920.jpg,6.980958227400679,8.047619047619047
/home/ubuntu/mtcnn_aligned_images/female/midestern/pexels-wesley-rocha-3797438.jpg,4.492413375672568,7.333333333333333
/home/ubuntu/mtcnn_aligned_images/female/midestern/dev-asangbam-AJOka3Plw6g-unsplash.jpg,6.636024920043716,7.083333333333333
/home/ubuntu/mtcnn_aligned_images/female/midestern/wesley-tingey-oeEqKb7gTrk-unsplash.jpg,6.276394295735674,7.166666666666667
/home/ubuntu/mtcnn_aligned_images/female/midestern/houcine-ncib-JInbeCEqTbs-unsplash.jpg,5.19980799310914,5.875
/home/ubuntu/mtcnn_aligned_images/female/midestern/pexels-bharat-kumar-2055033.jpg,6.136053602983853,6.444444444444445
/home/ubuntu/mtcnn_aligned_images/female/midestern/omid-armin-2HUKJuFRemE-unsplash.jpg,7.019735081316478,8.192982456140351
/home/ubuntu/mtcnn_aligned_images/female/midestern/pexels-anna-tarazevich-5119587.jpg,8.468846101698434,6.111111111111111
/home/ubuntu/mtcnn_aligned_images/female/midestern/mohammad-khaksarmadani-4FDsNcCR8iQ-unsplash.jpg,7.562042869720758,8.263157894736842
/home/ubuntu/mtcnn_aligned_images/female/midestern/pexels-mohamed-abdelgaffar-1684304.jpg,6.846521123668195,7.555555555555555
/home/ubuntu/mtcnn_aligned_images/female/midestern/muslim-5016604_1920.jpg,6.212790913588925,7.65
/home/ubuntu/mtcnn_aligned_images/female/midestern/kamal-alkhatib-ZG531DsOagU-unsplash.jpg,7.08767502614348,8.0
/home/ubuntu/mtcnn_aligned_images/female/midestern/oscar-nord-1UJNl0Ffhw8-unsplash.jpg,6.27510268094858,6.222222222222222
/home/ubuntu/mtcnn_aligned_images/female/midestern/woman-3182019_1920.jpg,5.539729562784986,8.2
/home/ubuntu/mtcnn_aligned_images/female/midestern/29.jpg,7.219254346343707,6.571428571428571
/home/ubuntu/mtcnn_aligned_images/female/midestern/17.jpg,6.897018183443132,7.619047619047619
/home/ubuntu/mtcnn_aligned_images/female/midestern/woman-2465429_1920.jpg,6.67069019958335,6.25
/home/ubuntu/mtcnn_aligned_images/female/midestern/humphrey-muleba-38dk7QXDBzs-unsplash.jpg,6.586953650634857,7.285714285714286
/home/ubuntu/mtcnn_aligned_images/female/midestern/sour-moha-Uxo2j3rJq5Y-unsplash.jpg,6.756568771646424,8.166666666666666
/home/ubuntu/mtcnn_aligned_images/female/midestern/tyler-nix-aSIw_EnF71g-unsplash.jpg,7.224144443453291,5.815789473684211
/home/ubuntu/mtcnn_aligned_images/female/midestern/mia-cambriello-dQgKjETjqDg-unsplash.jpg,6.3327771600043485,6.416666666666667
/home/ubuntu/mtcnn_aligned_images/female/midestern/jeffrey-wegrzyn-It0_SCr3AF4-unsplash.jpg,7.265953291672394,6.714285714285714
/home/ubuntu/mtcnn_aligned_images/female/midestern/aranprime-hwzLBk3079Q-unsplash.jpg,6.702494139209949,7.333333333333333
/home/ubuntu/mtcnn_aligned_images/female/midestern/siddharth-salve-66R_Ji_rKd4-unsplash.jpg,6.136488254137612,7.095238095238095
/home/ubuntu/mtcnn_aligned_images/female/midestern/hijab-5009607_1920.jpg,6.030925602971753,6.476190476190476
/home/ubuntu/mtcnn_aligned_images/female/midestern/carlos-lindner-cMGFhR6YCZM-unsplash.jpg,6.034366790388967,6.3
/home/ubuntu/mtcnn_aligned_images/female/midestern/little-2192347_1920.jpg,6.164209368928273,7.047619047619047
/home/ubuntu/mtcnn_aligned_images/female/midestern/pexels-rodnae-productions-4911079.jpg,6.984341826804268,5.666666666666667
/home/ubuntu/mtcnn_aligned_images/female/midestern/pexels-the-lazy-artist-gallery-1149840.jpg,7.701718601549482,8.0
/home/ubuntu/mtcnn_aligned_images/female/midestern/sandeep-swarnkar-o2Bl6Y9hPos-unsplash.jpg,6.128176346353902,7.380952380952381
/home/ubuntu/mtcnn_aligned_images/female/midestern/little-girl-5912824_1920.jpg,7.433043438153853,6.888888888888889
/home/ubuntu/mtcnn_aligned_images/female/midestern/pexels-toni-ph-2040376.jpg,7.451120193387124,7.555555555555555
/home/ubuntu/mtcnn_aligned_images/female/midestern/woman-1284347_1920.jpg,6.510086687968751,7.190476190476191
/home/ubuntu/mtcnn_aligned_images/female/midestern/raamin-ka-4lQmQ_DBbNc-unsplash.jpg,7.9695210739342555,7.625
/home/ubuntu/mtcnn_aligned_images/female/midestern/53.jpg,5.605954414671601,8.476190476190476
/home/ubuntu/mtcnn_aligned_images/female/midestern/mukul-kumar-OYFdvoK6z6Y-unsplash.jpg,5.803931560891168,7.526315789473684
/home/ubuntu/mtcnn_aligned_images/female/midestern/pexels-bran-sodre-1852345.jpg,7.961709023230476,7.111111111111111
/home/ubuntu/mtcnn_aligned_images/female/midestern/hamid-tajik-QXbJ3yhMNK4-unsplash.jpg,8.518537066738327,7.75
/home/ubuntu/mtcnn_aligned_images/female/midestern/pexels-anubhaw-anand-3263992.jpg,6.045346603980517,7.888888888888889
/home/ubuntu/mtcnn_aligned_images/female/midestern/alex-michaelsen-twXWoTWOUeQ-unsplash.jpg,7.497832872551241,5.616666666666666
/home/ubuntu/mtcnn_aligned_images/female/midestern/davidcohen-U6VDR7S3afY-unsplash.jpg,7.164928830001326,7.5
/home/ubuntu/mtcnn_aligned_images/female/midestern/ana-itonishvili-obVDLsGF-QI-unsplash.jpg,6.27716380022437,6.475
/home/ubuntu/mtcnn_aligned_images/female/midestern/ana-itonishvili-12KpxzD4iis-unsplash.jpg,5.5177109435086535,5.5
/home/ubuntu/mtcnn_aligned_images/female/midestern/yogendra-singh-AlpBsZF_uXM-unsplash.jpg,7.434457136472602,3.3
/home/ubuntu/mtcnn_aligned_images/female/midestern/pexels-fauzan-ahmad-muzakky-2698444.jpg,7.498208263147715,7.777777777777778
/home/ubuntu/mtcnn_aligned_images/female/midestern/kirill-balobanov-sRPbVu7FOsw-unsplash.jpg,5.433670941923524,8.166666666666666
/home/ubuntu/mtcnn_aligned_images/female/midestern/allef-vinicius-BqNEe_ZAtxg-unsplash.jpg,6.640029508000146,7.425
/home/ubuntu/mtcnn_aligned_images/female/midestern/hamid-tajik-uvnApE6gmnM-unsplash.jpg,6.052310538795426,4.421052631578948
/home/ubuntu/mtcnn_aligned_images/female/midestern/portrait-5554731_1920.jpg,8.174676702746684,6.95
/home/ubuntu/mtcnn_aligned_images/female/midestern/dimitri-bong-2M45kvvIC-4-unsplash.jpg,8.089065442985373,6.333333333333333
/home/ubuntu/mtcnn_aligned_images/female/midestern/allef-vinicius-yOp7FXdn3cM-unsplash.jpg,6.962578046296781,5.525
/home/ubuntu/mtcnn_aligned_images/female/midestern/woman-3950652_1920.jpg,7.417234024948423,6.095238095238095
/home/ubuntu/mtcnn_aligned_images/female/midestern/model-5029025_1920.jpg,7.942098794407382,6.666666666666667
/home/ubuntu/mtcnn_aligned_images/female/asian/women-5930352_1920.jpg,6.3606135886726936,9.0
/home/ubuntu/mtcnn_aligned_images/female/asian/pexels-thunyarat-klaiklang-1814538.jpg,6.458207510310405,6.222222222222222
/home/ubuntu/mtcnn_aligned_images/female/asian/girl-184596_1920.jpg,8.935568260171822,6.19298245614035
/home/ubuntu/mtcnn_aligned_images/female/asian/simon-marsault-jUyP2PcuBls-unsplash.jpg,7.626387168502602,3.096491228070176
/home/ubuntu/mtcnn_aligned_images/female/asian/jeswin-thomas-rnjwbDDQUHk-unsplash.jpg,6.464374942706111,5.95
/home/ubuntu/mtcnn_aligned_images/female/asian/europeana-m9LowiQVMLA-unsplash.jpg,6.108684628538626,4.809523809523809
/home/ubuntu/mtcnn_aligned_images/female/asian/xu-duo-w2p_6UBRSTY-unsplash.jpg,6.37164484279966,6.142857142857143
/home/ubuntu/mtcnn_aligned_images/female/asian/faizfajer-VzmoR9Meu3w-unsplash.jpg,6.966666348873175,6.416666666666667
/home/ubuntu/mtcnn_aligned_images/female/asian/asian-girl-3113208_1920.jpg,8.211035163591086,5.45
/home/ubuntu/mtcnn_aligned_images/female/asian/girl-5933162_1920.jpg,6.240979410024229,7.0
/home/ubuntu/mtcnn_aligned_images/female/asian/pregnancy-2594275_1920.jpg,7.597758303333967,5.183333333333333
/home/ubuntu/mtcnn_aligned_images/female/asian/huu-chung-dang-lP02hkcp7H0-unsplash.jpg,7.818733063415758,8.222222222222221
/home/ubuntu/mtcnn_aligned_images/female/asian/azamat-kinzhitayev-yyf5DCBtm4E-unsplash.jpg,4.221073777553097,6.666666666666667
/home/ubuntu/mtcnn_aligned_images/female/asian/manny-moreno-g9mefExQHfM-unsplash.jpg,6.448372486258069,7.25
/home/ubuntu/mtcnn_aligned_images/female/asian/pexels-shahi-zidan-2692577.jpg,7.603727728114845,6.444444444444445
/home/ubuntu/mtcnn_aligned_images/female/asian/tabitha-turner-e5ckVRrQj_8-unsplash.jpg,7.439001637133686,4.975
/home/ubuntu/mtcnn_aligned_images/female/asian/asian-2209044_1920.jpg,6.584136198222499,7.761904761904762
/home/ubuntu/mtcnn_aligned_images/female/asian/woman-3178537_1920.jpg,6.675412689195871,7.9
/home/ubuntu/mtcnn_aligned_images/female/asian/jim-flores-ebidnEfTCtk-unsplash.jpg,5.849150845178837,7.222222222222222
/home/ubuntu/mtcnn_aligned_images/female/asian/pexels-cottonbro-3419693.jpg,6.525507273856399,6.666666666666667
/home/ubuntu/mtcnn_aligned_images/female/asian/samuel-berner-xtpz9sSRUDw-unsplash.jpg,4.67408779754598,7.0
/home/ubuntu/mtcnn_aligned_images/female/asian/hannah-xu-A3B7VHK71Ks-unsplash.jpg,6.341249301239137,6.888888888888889
/home/ubuntu/mtcnn_aligned_images/female/asian/woman-2690362_1920.jpg,6.993994945700845,5.285714285714286
/home/ubuntu/mtcnn_aligned_images/female/asian/hhh13-gMC5TecfnD4-unsplash.jpg,8.610312228129006,7.5
/home/ubuntu/mtcnn_aligned_images/female/asian/outdoors-3341719_1920.jpg,7.6108887360380715,6.7
/home/ubuntu/mtcnn_aligned_images/female/asian/girl-5934632_1920.jpg,6.000650207074856,7.333333333333333
/home/ubuntu/mtcnn_aligned_images/female/asian/pexels-meijii-2014864.jpg,7.750368020372281,6.888888888888889
/home/ubuntu/mtcnn_aligned_images/female/asian/ipad-1721428_1920.jpg,8.074709666642487,6.714285714285714
/home/ubuntu/mtcnn_aligned_images/female/asian/girl-1718116_1920.jpg,6.875723497907805,6.9
/home/ubuntu/mtcnn_aligned_images/female/asian/pexels-tima-miroshnichenko-6614828.jpg,7.287618991367227,7.111111111111111
/home/ubuntu/mtcnn_aligned_images/female/asian/asian-3752815_1920.jpg,6.022688132980684,6.875
/home/ubuntu/mtcnn_aligned_images/female/asian/23.jpg,4.854191091606669,7.2
/home/ubuntu/mtcnn_aligned_images/female/asian/d4_1.jpg,8.291990038534443,8.5
/home/ubuntu/mtcnn_aligned_images/female/asian/aiony-haust-orYdcTza06E-unsplash.jpg,6.780564844662877,8.0
/home/ubuntu/mtcnn_aligned_images/female/asian/asian-girl-4819726_1920.jpg,7.3437097174699515,6.761904761904762
/home/ubuntu/mtcnn_aligned_images/female/asian/h-f-e-co-2ayXMZmiRWk-unsplash.jpg,6.883981194720998,8.833333333333334
/home/ubuntu/mtcnn_aligned_images/female/asian/pexels-kevin-kabore-4966995.jpg,5.522474961550467,5.888888888888889
/home/ubuntu/mtcnn_aligned_images/female/asian/pexels-min-an-1589369.jpg,7.196720175111805,7.555555555555555
/home/ubuntu/mtcnn_aligned_images/female/asian/pexels-mikhail-nilov-6612835.jpg,8.085489725618094,8.222222222222221
/home/ubuntu/mtcnn_aligned_images/female/asian/old-2474161_1920.jpg,6.987471584776693,6.095238095238095
/home/ubuntu/mtcnn_aligned_images/female/asian/girl-526707_1920.jpg,6.901122839276508,5.333333333333333
/home/ubuntu/mtcnn_aligned_images/female/asian/girl-4036509_1920.jpg,6.886981952122227,6.825
/home/ubuntu/mtcnn_aligned_images/female/asian/girl-2704116_1920.jpg,6.795695238328338,6.809523809523809
/home/ubuntu/mtcnn_aligned_images/female/asian/pexels-min-an-732425.jpg,6.42059845847932,6.777777777777778
/home/ubuntu/mtcnn_aligned_images/female/asian/woman-4804268_1920.jpg,7.124351070260137,5.4
/home/ubuntu/mtcnn_aligned_images/female/asian/model-1822567_1920.jpg,8.084007016443802,8.142857142857142
/home/ubuntu/mtcnn_aligned_images/female/asian/thanh-duc-phan-i5R8hbZFDdc-unsplash.jpg,7.044680552791345,7.2
/home/ubuntu/mtcnn_aligned_images/female/asian/jernej-graj-muXeYVQaPyA-unsplash.jpg,8.203247848453689,7.625
/home/ubuntu/mtcnn_aligned_images/female/asian/pexels-raydar-341970.jpg,6.263513873882014,7.888888888888889
/home/ubuntu/mtcnn_aligned_images/female/asian/leo-rivas-2iqKxsN659U-unsplash.jpg,7.200836998213738,5.857142857142857
/home/ubuntu/mtcnn_aligned_images/female/asian/frederick-ferdianto-Dunxame8wxg-unsplash.jpg,6.173192621630097,7.083333333333333
/home/ubuntu/mtcnn_aligned_images/female/asian/sankhadeep-barman-aHTbdSquNCY-unsplash.jpg,6.251921511429316,6.761904761904762
/home/ubuntu/mtcnn_aligned_images/female/asian/girl-5934674_1920.jpg,5.519122509576885,6.444444444444445
/home/ubuntu/mtcnn_aligned_images/female/asian/42.jpg,5.673698028297795,7.809523809523809
/home/ubuntu/mtcnn_aligned_images/female/asian/suhendro-purnomo--ApMYrUyi0o-unsplash.jpg,9.520859623136047,7.666666666666667
/home/ubuntu/mtcnn_aligned_images/female/asian/pexels-sora-shimazaki-5938437.jpg,8.10770057863121,6.111111111111111
/home/ubuntu/mtcnn_aligned_images/female/asian/austin-wade-ex6qfO4TPMY-unsplash.jpg,6.938193733290447,6.809523809523809
/home/ubuntu/mtcnn_aligned_images/female/asian/bin-thi-u-xOBpdqH2Uao-unsplash.jpg,7.268473310692445,7.55
/home/ubuntu/mtcnn_aligned_images/female/asian/anthony-tran-3Xkms-gMvZg-unsplash.jpg,6.093867520079862,7.916666666666667
/home/ubuntu/mtcnn_aligned_images/female/asian/pexels-ketut-subiyanto-4350178.jpg,7.176327931123885,6.333333333333333
/home/ubuntu/mtcnn_aligned_images/female/asian/women-1507748_1920.jpg,7.904177544070251,7.0
/home/ubuntu/mtcnn_aligned_images/female/asian/pexels-ike-louie-natividad-2709388.jpg,5.580585649403839,5.0
/home/ubuntu/mtcnn_aligned_images/female/asian/ahmad-qime-in2aoHwX5bA-unsplash.jpg,6.994908686125793,6.555555555555555
/home/ubuntu/mtcnn_aligned_images/female/asian/alex-sorto-suymY_8bk4Y-unsplash.jpg,6.342059326180914,6.383333333333334
/home/ubuntu/mtcnn_aligned_images/female/asian/pexels-min-an-1586654.jpg,7.563033157745842,8.333333333333334
/home/ubuntu/mtcnn_aligned_images/female/asian/john-mark-ramos-SGINHNM-vhk-unsplash.jpg,6.339761426560607,4.975
/home/ubuntu/mtcnn_aligned_images/female/asian/pexels-mental-health-america-(mha)-5531323.jpg,6.843679511151328,7.333333333333333
/home/ubuntu/mtcnn_aligned_images/female/asian/altanbagana-jargal-o79BpJ-tgew-unsplash.jpg,7.294810192147554,5.5
/home/ubuntu/mtcnn_aligned_images/female/asian/afif-kusuma-y-mT2OATY6k-unsplash.jpg,5.798671391518787,5.333333333333333
/home/ubuntu/mtcnn_aligned_images/female/asian/dani-bayuni-FhuHS2959uI-unsplash.jpg,6.674799976301982,5.916666666666667
/home/ubuntu/mtcnn_aligned_images/female/asian/portrait-3622823_1920.jpg,7.435451765497631,7.5
/home/ubuntu/mtcnn_aligned_images/female/asian/woman-2294787_1920.jpg,8.627138998413507,5.55
/home/ubuntu/mtcnn_aligned_images/female/asian/vietnamese-4646223_1920.jpg,7.605076348193245,7.190476190476191
/home/ubuntu/mtcnn_aligned_images/female/asian/woman-3951558_1920.jpg,7.026493018859015,7.105263157894737
/home/ubuntu/mtcnn_aligned_images/female/asian/joel-mott-Z8MesVFSYac-unsplash.jpg,5.922896222684705,6.6
/home/ubuntu/mtcnn_aligned_images/female/asian/chinh-le-duc-TV1QYUtTxJ8-unsplash.jpg,5.8266617877917835,5.5
/home/ubuntu/mtcnn_aligned_images/female/asian/pexels-anna-shvets-4672555.jpg,7.165524952278558,6.666666666666667
/home/ubuntu/mtcnn_aligned_images/female/asian/13.jpg,6.113169477845859,5.909090909090909
/home/ubuntu/mtcnn_aligned_images/female/asian/57.jpg,6.893632780022561,6.714285714285714
/home/ubuntu/mtcnn_aligned_images/female/asian/d9.jpg,6.757191765708114,7.0
/home/ubuntu/mtcnn_aligned_images/female/asian/character-2454694_1920.jpg,8.378238620692917,4.428571428571429
/home/ubuntu/mtcnn_aligned_images/female/asian/girl-1733349_1920.jpg,5.639612810237147,7.235294117647059
/home/ubuntu/mtcnn_aligned_images/female/asian/muslim-417317_1920.jpg,6.406499539939754,5.190476190476191
/home/ubuntu/mtcnn_aligned_images/female/asian/muhammad-ruqiyaddin-0BFQaFG9iR0-unsplash.jpg,6.089660634687477,7.888888888888889
/home/ubuntu/mtcnn_aligned_images/female/asian/fashion-4257899_1920.jpg,7.335170087837859,7.9
/home/ubuntu/mtcnn_aligned_images/female/asian/girl-1848949_1920.jpg,8.271463885273635,6.857142857142857
/home/ubuntu/mtcnn_aligned_images/female/asian/selfie-4127339_1920.jpg,6.603818749988263,5.523809523809524
/home/ubuntu/mtcnn_aligned_images/female/asian/vino-li-yuJYUYpnFlo-unsplash.jpg,6.285298478410464,8.444444444444445
/home/ubuntu/mtcnn_aligned_images/female/asian/girl-1721429_1920.jpg,6.849006688438421,6.533333333333334
/home/ubuntu/mtcnn_aligned_images/female/asian/japan-1432871_1920.jpg,6.054564479867596,6.65
/home/ubuntu/mtcnn_aligned_images/female/asian/alexandra-lammerink-MVao99Qwew0-unsplash.jpg,6.703601540075155,7.025
/home/ubuntu/mtcnn_aligned_images/female/asian/huseyin-topcu-szDEzZPyfcQ-unsplash.jpg,6.1489282086098624,7.0
/home/ubuntu/mtcnn_aligned_images/female/asian/hijab-5090230_1920.jpg,6.837656580797555,6.133333333333334
/home/ubuntu/mtcnn_aligned_images/female/asian/annie-lin-876188_1920.jpg,6.130119456832726,4.55
/home/ubuntu/mtcnn_aligned_images/female/asian/diao-darius-K3k7X7OA394-unsplash.jpg,7.314656570761246,6.428571428571429
/home/ubuntu/mtcnn_aligned_images/female/asian/girl-1733337_1920.jpg,6.254109758929545,7.375
/home/ubuntu/mtcnn_aligned_images/female/asian/joeyy-lee-pCcPFfJ-LzM-unsplash.jpg,6.38315026390659,6.666666666666667
/home/ubuntu/mtcnn_aligned_images/female/asian/asian-3885641_1920.jpg,6.140334119769413,7.571428571428571
/home/ubuntu/mtcnn_aligned_images/female/asian/asian-3932158_1920.jpg,6.233926509209009,7.285714285714286
/home/ubuntu/mtcnn_aligned_images/female/asian/conner-ching-nzu-xTOEBlM-unsplash.jpg,7.337132876468618,6.210526315789473
/home/ubuntu/mtcnn_aligned_images/female/asian/rainier-ridao-L1STkrnnBHw-unsplash.jpg,6.196725689209753,8.444444444444445
/home/ubuntu/mtcnn_aligned_images/female/asian/face-1146038_1920.jpg,6.871952527334395,7.809523809523809
/home/ubuntu/mtcnn_aligned_images/female/asian/hello-5919349_1920.jpg,6.170338883866154,7.0
/home/ubuntu/mtcnn_aligned_images/female/asian/jimmy-chang-VplzfrQvCm4-unsplash.jpg,6.228581230115528,5.850877192982455
/home/ubuntu/mtcnn_aligned_images/female/asian/watercolor-1214824_1920.jpg,7.039531417701741,6.095238095238095
/home/ubuntu/mtcnn_aligned_images/female/asian/6.jpg,5.8884600666601745,6.984126984126985
/home/ubuntu/mtcnn_aligned_images/female/asian/fashion-4257904_1920.jpg,7.150372580414609,7.3
/home/ubuntu/mtcnn_aligned_images/female/asian/36.jpg,6.510140773768585,5.175
/home/ubuntu/mtcnn_aligned_images/female/asian/asian-2111681_1920.jpg,7.055364937041935,8.526315789473685
/home/ubuntu/mtcnn_aligned_images/female/asian/pexels-duy-dinh-3614523.jpg,7.180738067261959,6.333333333333333
/home/ubuntu/mtcnn_aligned_images/female/asian/ao-dai-2730822_1920.jpg,7.396640590029595,6.333333333333333
/home/ubuntu/mtcnn_aligned_images/female/asian/daniel-rigdon-dXmXKPP2L4E-unsplash.jpg,6.165731728247341,6.857142857142857
/home/ubuntu/mtcnn_aligned_images/female/asian/christian-senan-N0vZpzFrU0w-unsplash.jpg,7.198479674337741,6.222222222222222
/home/ubuntu/mtcnn_aligned_images/female/asian/pexels-carol-wd-3454302.jpg,6.397207565256152,6.555555555555555
/home/ubuntu/mtcnn_aligned_images/female/asian/xu-duo-kSyOJGwlGm0-unsplash.jpg,5.838878307315816,7.0
/home/ubuntu/mtcnn_aligned_images/female/asian/philippe-leone-ffrGEGb4Y58-unsplash.jpg,5.901118648145786,3.306818181818182
/home/ubuntu/mtcnn_aligned_images/female/asian/andres-hernandez-KVjiBiBvT-c-unsplash.jpg,5.62684413113772,6.904761904761905
/home/ubuntu/mtcnn_aligned_images/female/asian/30.jpg,5.670108120314407,8.263157894736842
/home/ubuntu/mtcnn_aligned_images/female/asian/pexels-ketut-subiyanto-4350057.jpg,6.474978099939976,7.888888888888889
/home/ubuntu/mtcnn_aligned_images/female/asian/tong-nguyen-van-ERIZwv4V5pA-unsplash.jpg,7.534962445093488,8.0
/home/ubuntu/mtcnn_aligned_images/female/asian/nima-sarram-3VOI8o6Ftio-unsplash.jpg,5.225417560532585,7.666666666666667
/home/ubuntu/mtcnn_aligned_images/female/asian/girl-4618070_1920.jpg,6.369569354141885,7.710526315789473
/home/ubuntu/mtcnn_aligned_images/female/asian/girl-3738843_1920.jpg,7.168458274921942,7.238095238095238
/home/ubuntu/mtcnn_aligned_images/female/asian/woman-5573135_1920.jpg,7.526663082742384,6.875
/home/ubuntu/mtcnn_aligned_images/female/asian/mahendra-febrianto-KtCBIpLGu1E-unsplash.jpg,5.836236364694504,5.083333333333333
/home/ubuntu/mtcnn_aligned_images/female/asian/bui-thanh-tam-D6meliiyaWs-unsplash.jpg,5.459904735027674,6.888888888888889
/home/ubuntu/mtcnn_aligned_images/female/asian/jim-flores-dE6c9RZoyL8-unsplash.jpg,7.6686954164986165,8.1
/home/ubuntu/mtcnn_aligned_images/female/asian/pexels-rodnae-productions-4920897.jpg,5.095837901506055,7.444444444444445
/home/ubuntu/mtcnn_aligned_images/female/asian/dr-1621296_1920.jpg,6.4086870953334625,7.0
/home/ubuntu/mtcnn_aligned_images/female/asian/raychan-sw30Y2Ek5t0-unsplash.jpg,6.256757173394284,6.5
/home/ubuntu/mtcnn_aligned_images/female/asian/gemma-chua-tran-Sgqo6Cohf9M-unsplash.jpg,7.395405654268267,6.525
/home/ubuntu/mtcnn_aligned_images/female/asian/young-women-1281280_1920.jpg,6.600400100313516,3.904761904761905
/home/ubuntu/mtcnn_aligned_images/female/asian/girl-4622990_1920.jpg,5.572998015448855,6.619047619047619
/home/ubuntu/mtcnn_aligned_images/female/asian/le-minh-phuong-jGZITdFhmts-unsplash.jpg,5.6879397748451686,7.166666666666667
/home/ubuntu/mtcnn_aligned_images/female/asian/isco-wcJOYUVOwDc-unsplash.jpg,7.469570116311633,8.11111111111111
/home/ubuntu/mtcnn_aligned_images/female/asian/mathias-huysmans-kWLwiYznS3M-unsplash.jpg,5.095614139153675,8.025
/home/ubuntu/mtcnn_aligned_images/female/asian/agung-pratamah-Xdm08vqsFrs-unsplash.jpg,5.142130682791027,7.0
/home/ubuntu/mtcnn_aligned_images/female/asian/aiony-haust-Nsze2HlxoZo-unsplash.jpg,6.226529421389442,8.047619047619047
/home/ubuntu/mtcnn_aligned_images/female/asian/pexels-tuấn-kiệt-jr-1391499.jpg,6.437886871205393,8.666666666666666
/home/ubuntu/mtcnn_aligned_images/female/asian/alexandra-lammerink-nG5ZS2wlnrQ-unsplash.jpg,6.190953649129836,6.666666666666667
/home/ubuntu/mtcnn_aligned_images/female/asian/anthony-tran-RG9Z5CtnlUQ-unsplash.jpg,7.273476951700069,8.5
/home/ubuntu/mtcnn_aligned_images/female/asian/pexels-min-an-1070751.jpg,6.1149309215649055,8.222222222222221
/home/ubuntu/mtcnn_aligned_images/female/asian/documentary-2695341_1920.jpg,7.635758794476433,4.25
/home/ubuntu/mtcnn_aligned_images/female/asian/portrait-4202918_1920.jpg,7.023352712489968,6.5
/home/ubuntu/mtcnn_aligned_images/female/asian/bbh-singapore-4-v5HrV1940-unsplash.jpg,6.405238392354661,6.4
/home/ubuntu/mtcnn_aligned_images/female/asian/pexels-maria-orlova-4946391.jpg,6.957520626501096,8.0
/home/ubuntu/mtcnn_aligned_images/female/asian/pexels-cottonbro-3419647.jpg,6.331871477161033,6.0
/home/ubuntu/mtcnn_aligned_images/female/asian/gemma-chua-tran-QaiIaCkGCtI-unsplash.jpg,6.719165174343991,5.969696969696969
/home/ubuntu/mtcnn_aligned_images/female/asian/tong-nguyen-van-wXnaknPMpK0-unsplash.jpg,8.168416588343575,5.416666666666667
/home/ubuntu/mtcnn_aligned_images/female/asian/anthony-tran-_G0OrcPOpJw-unsplash.jpg,7.098568181078382,8.11111111111111
/home/ubuntu/mtcnn_aligned_images/female/asian/jasmin-chew-WUVozkQFLz0-unsplash.jpg,7.237903281478138,5.238095238095238
/home/ubuntu/mtcnn_aligned_images/female/asian/women-4445664_1920.jpg,7.02014476839882,8.066666666666666
/home/ubuntu/mtcnn_aligned_images/female/asian/visualsofdana-KD1xdIkw3Z8-unsplash.jpg,5.694453759101934,7.083333333333333
/home/ubuntu/mtcnn_aligned_images/female/asian/amoon-ra-p1JglmknQr0-unsplash.jpg,4.5098729223633445,6.175
/home/ubuntu/mtcnn_aligned_images/female/asian/51.jpg,7.527636557076542,7.952380952380953
/home/ubuntu/mtcnn_aligned_images/female/asian/pexels-sora-shimazaki-5938295.jpg,8.092619789977242,6.888888888888889
/home/ubuntu/mtcnn_aligned_images/female/asian/mongolia-4538999_1920.jpg,8.681999593461034,4.285714285714286
/home/ubuntu/mtcnn_aligned_images/female/asian/cozies-tone-k4PSfwVsHIY-unsplash.jpg,5.833590589448625,7.736842105263158
/home/ubuntu/mtcnn_aligned_images/female/asian/girl-1741925_1920.jpg,6.762580775146283,6.15
/home/ubuntu/mtcnn_aligned_images/female/asian/portrait-3058726_1920.jpg,7.097471159617826,4.714285714285714
/home/ubuntu/mtcnn_aligned_images/female/asian/gema-saputera-MWuZfECSg0U-unsplash.jpg,8.040612571937633,5.888888888888889
/home/ubuntu/mtcnn_aligned_images/female/asian/nathan-anderson-2nqji_XO20w-unsplash.jpg,7.376489940191412,3.666666666666667
/home/ubuntu/mtcnn_aligned_images/female/asian/portrait-750780_1920.jpg,6.173898747639701,5.8
/home/ubuntu/mtcnn_aligned_images/female/asian/blake-cheek-3dT98ifg9J4-unsplash.jpg,5.516621758832158,6.725
/home/ubuntu/mtcnn_aligned_images/female/asian/yannes-kiefer-VZfSq4TQTHY-unsplash.jpg,7.749339679703777,3.190476190476191
/home/ubuntu/mtcnn_aligned_images/female/asian/joel-mott-LaK153ghdig-unsplash.jpg,5.788743823378811,7.394736842105263
/home/ubuntu/mtcnn_aligned_images/female/asian/cris-trung-LRLxSTpq2Ds-unsplash.jpg,4.947236110010627,6.333333333333333
/home/ubuntu/mtcnn_aligned_images/female/asian/alex-sorto-kNstJF4l5cA-unsplash.jpg,6.001294845637456,6.857142857142857
/home/ubuntu/mtcnn_aligned_images/female/asian/jaizer-capangpangan-04SoDoueyF8-unsplash.jpg,7.158347042296155,6.033333333333333
/home/ubuntu/mtcnn_aligned_images/female/asian/anthony-tran-6s3L8El33QE-unsplash.jpg,7.057417251837251,7.5
/home/ubuntu/mtcnn_aligned_images/female/asian/dev-asangbam-R4CHODMJTzA-unsplash.jpg,8.243044978869673,7.333333333333333
/home/ubuntu/mtcnn_aligned_images/female/asian/pexels-zen-chung-5538615.jpg,5.978053997305078,7.333333333333333
/home/ubuntu/mtcnn_aligned_images/female/asian/people-3332333_1920.jpg,6.544255483517595,4.55
/home/ubuntu/mtcnn_aligned_images/female/asian/female-3976486_1920.jpg,7.3428853650289625,6.285714285714286
/home/ubuntu/mtcnn_aligned_images/female/asian/face-977177_1920.jpg,7.471263154414799,4.952380952380953
/home/ubuntu/mtcnn_aligned_images/female/asian/yeo-khee-uZCY6vjHGmE-unsplash.jpg,7.667740469636171,6.111111111111111
/home/ubuntu/mtcnn_aligned_images/female/asian/pexels-maria-orlova-4906257.jpg,6.368391087531258,6.666666666666667
/home/ubuntu/mtcnn_aligned_images/female/asian/kseniia-ilinykh-BHmKkfpwuuc-unsplash.jpg,6.3140478369038116,5.222222222222222
/home/ubuntu/mtcnn_aligned_images/female/asian/vin-stratton-LkDICOYBYAg-unsplash.jpg,7.889254180146201,8.777777777777779
/home/ubuntu/mtcnn_aligned_images/female/asian/aodai-4603493_1920.jpg,6.368643891287369,7.333333333333333
/home/ubuntu/mtcnn_aligned_images/female/asian/suhendro-purnomo-4E3noTlLm1c-unsplash.jpg,5.8091484762373975,7.0
/home/ubuntu/mtcnn_aligned_images/female/asian/toa-heftiba-aQ0YRudYjm0-unsplash.jpg,7.368668344019779,6.222222222222222
/home/ubuntu/mtcnn_aligned_images/female/asian/pexels-amir-hamzah-photo-2705292.jpg,6.357528910291569,8.11111111111111
/home/ubuntu/mtcnn_aligned_images/female/asian/21.jpg,6.904335047597422,7.523809523809524
/home/ubuntu/mtcnn_aligned_images/female/asian/du-wei-5rrrG8IZ8Dc-unsplash.jpg,5.392931187006607,7.222222222222222
/home/ubuntu/mtcnn_aligned_images/female/asian/7.jpg,6.631782701695772,6.341269841269842
/home/ubuntu/mtcnn_aligned_images/female/asian/20.jpg,5.97290702292969,6.947368421052632
/home/ubuntu/mtcnn_aligned_images/female/asian/jernej-graj-GY5gWDimEyg-unsplash.jpg,6.201777022733572,7.777777777777778
/home/ubuntu/mtcnn_aligned_images/female/asian/irene-strong-gKJ2FFsCOD0-unsplash.jpg,5.195644766414979,6.375
/home/ubuntu/mtcnn_aligned_images/female/asian/pexels-happy-pixels-3170437.jpg,6.968800449137615,7.111111111111111
/home/ubuntu/mtcnn_aligned_images/female/asian/woman-5775938_1920.jpg,6.170473854682748,6.222222222222222
/home/ubuntu/mtcnn_aligned_images/female/asian/girl-2894898_1920.jpg,6.122710700122982,6.571428571428571
/home/ubuntu/mtcnn_aligned_images/female/asian/girl-5846478_1920.jpg,5.814433144262018,6.444444444444445
/home/ubuntu/mtcnn_aligned_images/female/asian/pexels-hải-nguyễn-3616937.jpg,5.7658302408921385,7.444444444444445
/home/ubuntu/mtcnn_aligned_images/female/asian/asian-2302727_1920.jpg,5.563070961093456,7.238095238095238
/home/ubuntu/mtcnn_aligned_images/female/asian/mathias-huysmans-U4JDjYmjn1g-unsplash.jpg,6.799934139428215,6.666666666666667
/home/ubuntu/mtcnn_aligned_images/female/asian/pexels-rodnae-productions-4911184.jpg,6.459520960435825,5.333333333333333
/home/ubuntu/mtcnn_aligned_images/female/asian/pexels-raka-miftah-3522693.jpg,7.568491598645677,6.888888888888889
/home/ubuntu/mtcnn_aligned_images/female/asian/girl-1741941_1920.jpg,7.63499878586069,6.523809523809524
/home/ubuntu/mtcnn_aligned_images/female/black/jessica-felicio-F16KPYxfm6s-unsplash.jpg,5.678316829270201,5.583333333333333
/home/ubuntu/mtcnn_aligned_images/female/black/jessica-felicio-_cvwXhGqG-o-unsplash.jpg,8.150461265438587,6.333333333333333
/home/ubuntu/mtcnn_aligned_images/female/black/pexels-andrea-piacquadio-3880766.jpg,6.676306068018553,6.222222222222222
/home/ubuntu/mtcnn_aligned_images/female/black/pexels-noa-photography-4364604.jpg,8.602820239344254,3.333333333333333
/home/ubuntu/mtcnn_aligned_images/female/black/pexels-marcelo-chagas-2535859.jpg,6.193798214487185,8.444444444444445
/home/ubuntu/mtcnn_aligned_images/female/black/woman-984426_1920.jpg,6.634358078092617,7.133333333333335
/home/ubuntu/mtcnn_aligned_images/female/black/prince-akachi-J1OScm_uHUQ-unsplash.jpg,7.535232993674437,5.657894736842105
/home/ubuntu/mtcnn_aligned_images/female/black/suad-kamardeen-pn2-F5lKM-U-unsplash.jpg,6.392307631617132,5.857142857142857
/home/ubuntu/mtcnn_aligned_images/female/black/oladimeji-odunsi-pV2Kw7Tts14-unsplash.jpg,6.0772042017962375,4.575
/home/ubuntu/mtcnn_aligned_images/female/black/samuel-aboh-RGomcmMkTEA-unsplash.jpg,8.178233864057027,6.166666666666667
/home/ubuntu/mtcnn_aligned_images/female/black/cute-4721888_1920.jpg,6.8797486771222545,7.0
/home/ubuntu/mtcnn_aligned_images/female/black/61.jpg,6.185351547286787,7.388888888888889
/home/ubuntu/mtcnn_aligned_images/female/black/marcelo-rangel-E4P7SYt-hPs-unsplash.jpg,7.4598476463547385,6.416666666666667
/home/ubuntu/mtcnn_aligned_images/female/black/michelle-obama-1129160_1920.jpg,8.043393313914684,5.952380952380953
/home/ubuntu/mtcnn_aligned_images/female/black/girl-1912901_1920.jpg,6.531299100248322,4.809523809523809
/home/ubuntu/mtcnn_aligned_images/female/black/lucas-lenzi-2RwB3AHphb4-unsplash.jpg,5.959076856475943,5.666666666666667
/home/ubuntu/mtcnn_aligned_images/female/black/pexels-adrienne-andersen-2552129.jpg,7.774873809410106,7.777777777777778
/home/ubuntu/mtcnn_aligned_images/female/black/eye-for-ebony-BKxipJKe3G0-unsplash.jpg,7.531810924793303,6.809523809523809
/home/ubuntu/mtcnn_aligned_images/female/black/pexels-zen-chung-5537979.jpg,7.141270706647758,6.222222222222222
/home/ubuntu/mtcnn_aligned_images/female/black/pexels-ike-louie-natividad-3310695.jpg,6.734755076280874,5.333333333333333
/home/ubuntu/mtcnn_aligned_images/female/black/jd-mason-4eRATsC7zTY-unsplash.jpg,7.238499817834306,6.181818181818182
/home/ubuntu/mtcnn_aligned_images/female/black/pexels-jorge-fakhouri-filho-1852015.jpg,6.910640619317223,7.333333333333333
/home/ubuntu/mtcnn_aligned_images/female/black/etty-fidele-TWR--mm6s5o-unsplash.jpg,8.208158376374742,6.055555555555555
/home/ubuntu/mtcnn_aligned_images/female/black/pexels-bernard-ng-3318310.jpg,6.366245661204426,5.444444444444445
/home/ubuntu/mtcnn_aligned_images/female/black/african-2942355_1920.jpg,7.251865327519935,4.525
/home/ubuntu/mtcnn_aligned_images/female/black/people-3238357_1920.jpg,5.868268898438339,4.5
/home/ubuntu/mtcnn_aligned_images/female/black/matheus-ferrero-4cEVIKj7xtY-unsplash.jpg,6.010332769428773,5.761904761904762
/home/ubuntu/mtcnn_aligned_images/female/black/oladimeji-odunsi-aU_eOcelLhQ-unsplash.jpg,6.89869369920362,5.0
/home/ubuntu/mtcnn_aligned_images/female/black/amin-rk-stz6pJV6UKw-unsplash.jpg,7.249400844558866,6.380952380952381
/home/ubuntu/mtcnn_aligned_images/female/black/31.jpg,6.847825649583549,6.285714285714286
/home/ubuntu/mtcnn_aligned_images/female/black/emma-valerio-Hz_hQrk9hQ8-unsplash.jpg,7.997352457422572,6.142857142857143
/home/ubuntu/mtcnn_aligned_images/female/black/smile-2072908_1920.jpg,6.2502303552900464,7.175
/home/ubuntu/mtcnn_aligned_images/female/black/ashley-byrd-AyOC81h1CGw-unsplash.jpg,6.37327024326325,7.428571428571429
/home/ubuntu/mtcnn_aligned_images/female/black/52.jpg,6.866574435496785,5.666666666666667
/home/ubuntu/mtcnn_aligned_images/female/black/ricardo-esquivel-O8i3pW1leYs-unsplash.jpg,6.3978682877072846,6.238095238095238
/home/ubuntu/mtcnn_aligned_images/female/black/christina-wocintechchat-com-Zpzf7TLj_gA-unsplash.jpg,5.9185475508246554,5.619047619047619
/home/ubuntu/mtcnn_aligned_images/female/black/attractive-1869761_1920.jpg,6.4836006424751575,6.666666666666667
/home/ubuntu/mtcnn_aligned_images/female/black/african-2197414_1920.jpg,6.564305529882437,5.761904761904762
/home/ubuntu/mtcnn_aligned_images/female/black/15.jpg,8.757986818429076,6.296296296296297
/home/ubuntu/mtcnn_aligned_images/female/black/gift-habeshaw-kZ6KJLSKGDQ-unsplash.jpg,6.367727379912076,6.857142857142857
/home/ubuntu/mtcnn_aligned_images/female/black/pexels-mwabonje-2680369.jpg,8.93021158027761,4.333333333333333
/home/ubuntu/mtcnn_aligned_images/female/black/pexels-shotpot-6337498.jpg,7.956716167640396,4.333333333333333
/home/ubuntu/mtcnn_aligned_images/female/black/pieter-benjamin-nijs-lb8gB8jnKDA-unsplash.jpg,7.281691240260853,6.583333333333333
/home/ubuntu/mtcnn_aligned_images/female/black/pexels-adrienne-andersen-2552130.jpg,7.065029862301874,6.444444444444445
/home/ubuntu/mtcnn_aligned_images/female/black/beautiful-3257190_1920.jpg,6.89403049795688,6.523809523809524
/home/ubuntu/mtcnn_aligned_images/female/black/vladimir-yelizarov-1Fx-iiR8R_4-unsplash.jpg,6.225367102587686,6.666666666666667
/home/ubuntu/mtcnn_aligned_images/female/black/girl-444688_1920.jpg,8.578099115731193,4.952380952380953
/home/ubuntu/mtcnn_aligned_images/female/black/1.jpg,7.986316579002014,6.294642857142857
/home/ubuntu/mtcnn_aligned_images/female/black/pexels-dellon-thomas-3189024.jpg,7.879875866954673,7.444444444444445
/home/ubuntu/mtcnn_aligned_images/female/black/pexels-willsantt-1962844.jpg,6.989248621532354,6.333333333333333
/home/ubuntu/mtcnn_aligned_images/female/black/clarke-sanders-HOQpBGL95Z8-unsplash.jpg,6.584782723509441,6.9
/home/ubuntu/mtcnn_aligned_images/female/black/jefferson-nnadiekwe-etYRmDQMcQQ-unsplash.jpg,6.271367835084505,4.714285714285714
/home/ubuntu/mtcnn_aligned_images/female/black/pexels-samson-katt-5256700.jpg,7.464071083268126,6.0
/home/ubuntu/mtcnn_aligned_images/female/black/engin-akyurt-Obi2AUzEZyU-unsplash.jpg,7.166356548746513,4.952380952380953
/home/ubuntu/mtcnn_aligned_images/female/black/wadi-lissa-PnCTTH_mmYg-unsplash.jpg,5.588054856166473,5.605263157894737
/home/ubuntu/mtcnn_aligned_images/female/black/noah-buscher-AR7aumwKr2s-unsplash.jpg,6.644331922829861,5.666666666666667
/home/ubuntu/mtcnn_aligned_images/female/black/cassandra-hamer-t2obqqft_xM-unsplash.jpg,6.679668341058518,5.666666666666667
/home/ubuntu/mtcnn_aligned_images/female/black/pexels-rodnae-productions-4921034.jpg,6.223363268169378,6.333333333333333
/home/ubuntu/mtcnn_aligned_images/female/black/suad-kamardeen-4VN2WWVWqDs-unsplash.jpg,6.345773109657167,5.771929824561403
/home/ubuntu/mtcnn_aligned_images/female/black/woman-5932291_1920.jpg,7.112788949573564,5.111111111111111
/home/ubuntu/mtcnn_aligned_images/female/black/jessica-felicio-8vgkMCSq4EU-unsplash.jpg,8.809266901992222,5.476190476190476
/home/ubuntu/mtcnn_aligned_images/female/black/steward-masweneng-Ws4YEqBafus-unsplash.jpg,7.320516344913713,5.083333333333333
/home/ubuntu/mtcnn_aligned_images/female/black/model-4676037_1920.jpg,7.798292443439934,5.333333333333333
/home/ubuntu/mtcnn_aligned_images/female/black/brenna-huff-0bayIkan-Ao-unsplash.jpg,5.595897014692442,5.523809523809524
/home/ubuntu/mtcnn_aligned_images/female/black/39.jpg,6.861113605950134,5.142857142857143
/home/ubuntu/mtcnn_aligned_images/female/black/vladimir-yelizarov-lCDPfozQC08-unsplash.jpg,5.284640712071896,6.714285714285714
/home/ubuntu/mtcnn_aligned_images/female/black/jessica-felicio-YEbFUPYfUlo-unsplash.jpg,6.342471847309206,4.142857142857143
/home/ubuntu/mtcnn_aligned_images/female/black/people-3104635_1920.jpg,5.938543059642333,7.225
/home/ubuntu/mtcnn_aligned_images/female/black/pexels-rebrand-cities-1367270.jpg,8.09901082461292,7.555555555555555
/home/ubuntu/mtcnn_aligned_images/female/black/pexels-rfstudio-3061415.jpg,6.677697905862784,6.0
/home/ubuntu/mtcnn_aligned_images/female/black/mehmet-turgut-kirkgoz-2rVzuyCowLI-unsplash.jpg,7.677291577131145,4.619047619047619
/home/ubuntu/mtcnn_aligned_images/female/black/pexels-adrienne-andersen-2661256.jpg,4.585308933009527,8.88888888888889
/home/ubuntu/mtcnn_aligned_images/female/black/pexels-marcelo-dias-2448994.jpg,6.205749916847724,7.555555555555555
/home/ubuntu/mtcnn_aligned_images/female/black/leighann-blackwood-nRVMVZvy6mo-unsplash.jpg,7.5456958132033884,5.857142857142857
/home/ubuntu/mtcnn_aligned_images/female/black/vonecia-carswell-X5f2DFCjhWs-unsplash.jpg,6.2865883731316545,7.142857142857143
/home/ubuntu/mtcnn_aligned_images/female/black/jackson-david-Iex31-cnO-o-unsplash.jpg,8.275887226810447,5.666666666666667
/home/ubuntu/mtcnn_aligned_images/female/black/kelly-sikkema-q2hBflsr71o-unsplash.jpg,6.788708936838823,5.25
/home/ubuntu/mtcnn_aligned_images/female/black/engin-akyurt-lyh6c9MLdBY-unsplash.jpg,7.291724723985463,5.25
/home/ubuntu/mtcnn_aligned_images/female/black/woman-5939698_1920.jpg,6.652156561601463,4.111111111111111
/home/ubuntu/mtcnn_aligned_images/female/black/christina-wocintechchat-com-_5_CBVCLBsY-unsplash.jpg,7.882641506777993,6.0
/home/ubuntu/mtcnn_aligned_images/female/black/woman-1018291_1920.jpg,5.783396614111596,6.3
/home/ubuntu/mtcnn_aligned_images/female/black/dario-didon-Zqx1BVQBGII-unsplash.jpg,6.7351051630188055,7.083333333333333
/home/ubuntu/mtcnn_aligned_images/female/black/clarke-sanders-e_W1qouapG8-unsplash.jpg,7.972522839266432,4.114035087719298
/home/ubuntu/mtcnn_aligned_images/female/black/princess-Lo9qLgRIUIs-unsplash.jpg,8.042043890429998,5.142857142857143
/home/ubuntu/mtcnn_aligned_images/female/black/raphael-lovaski-3cbvEhhQspg-unsplash.jpg,7.65777240071355,7.238095238095238
/home/ubuntu/mtcnn_aligned_images/female/black/pexels-ezekixl-akinnewu-950243.jpg,7.84546286187602,5.777777777777778
/home/ubuntu/mtcnn_aligned_images/female/black/pexels-marlon-schmeiski-3839904.jpg,8.93872741654894,6.555555555555555
/home/ubuntu/mtcnn_aligned_images/female/black/african-american-1180847_1920.jpg,6.436622827869997,5.285714285714286
/home/ubuntu/mtcnn_aligned_images/female/black/emmanuel-zua-iKNvqz1evXI-unsplash.jpg,6.940491948504326,5.9
/home/ubuntu/mtcnn_aligned_images/female/black/girl-1245835_1920.jpg,7.053254818612579,6.775
/home/ubuntu/mtcnn_aligned_images/female/black/pexels-jermaine-ulinwa-3321515.jpg,5.745104331642325,7.0
/home/ubuntu/mtcnn_aligned_images/female/black/suad-kamardeen-khewjy5l4Zo-unsplash.jpg,7.300314777907252,6.095238095238095
/home/ubuntu/mtcnn_aligned_images/female/black/woman-659348_1920.jpg,4.162672430727088,6.619047619047619
/home/ubuntu/mtcnn_aligned_images/female/black/cleyton-ewerton-sFdbI7P47XE-unsplash.jpg,6.767191183050781,8.142857142857142
/home/ubuntu/mtcnn_aligned_images/female/black/amevi-wisdom-wiUl_NyafcY-unsplash.jpg,7.641763217935193,5.083333333333333
/home/ubuntu/mtcnn_aligned_images/female/black/clem-onojeghuo-FbTOrJ2G8KI-unsplash.jpg,6.728475297953133,6.096491228070176
/home/ubuntu/mtcnn_aligned_images/female/black/pexels-dalila-dalprat-1995129.jpg,6.492119466789323,5.111111111111111
/home/ubuntu/mtcnn_aligned_images/female/black/female-4899174_1920.jpg,6.334982383673327,6.190476190476191
/home/ubuntu/mtcnn_aligned_images/female/black/woman-3144280_1920.jpg,7.501861930037536,8.075
/home/ubuntu/mtcnn_aligned_images/female/black/ebony-1643426_1920.jpg,7.219804953089221,4.043859649122807
/home/ubuntu/mtcnn_aligned_images/female/black/nick-grant-ygrOmmn1Oss-unsplash.jpg,6.708782061484429,6.0
/home/ubuntu/mtcnn_aligned_images/female/black/pexels-muhammadtaha-ibrahim-ma'aji-3280901.jpg,7.686242288387352,4.222222222222222
/home/ubuntu/mtcnn_aligned_images/female/black/head-shoot-1542339_1920.jpg,7.8826520613468745,5.316666666666666
/home/ubuntu/mtcnn_aligned_images/female/black/cassandra-hamer-OyTCN8T9aGo-unsplash.jpg,7.44481977601326,6.777777777777778
/home/ubuntu/mtcnn_aligned_images/female/black/makeup-1442912_1920.jpg,7.481782800219687,6.555555555555555
/home/ubuntu/mtcnn_aligned_images/female/black/pexels-avonne-stalling-3916455.jpg,4.066737641384627,6.111111111111111
/home/ubuntu/mtcnn_aligned_images/female/black/force-majeure-a5-_X8IktJg-unsplash.jpg,7.560155244684826,5.8
/home/ubuntu/mtcnn_aligned_images/female/black/shot-by-cerqueira-cthGStT-j_A-unsplash.jpg,7.546511095665135,5.45
/home/ubuntu/mtcnn_aligned_images/female/black/march-for-peace-1727917_1920.jpg,7.407423164635455,3.95
/home/ubuntu/mtcnn_aligned_images/female/black/kal-visuals-fEbgg7USu3E-unsplash.jpg,7.17492520892699,7.0
/home/ubuntu/mtcnn_aligned_images/female/black/prince-akachi-l3IHXOdMyHQ-unsplash.jpg,7.642852412935988,5.175
/home/ubuntu/mtcnn_aligned_images/female/black/people-2587179_1920.jpg,5.923177072647503,4.777777777777778
/home/ubuntu/mtcnn_aligned_images/female/black/woman-868521_1920.jpg,7.223880409117099,6.25
/home/ubuntu/mtcnn_aligned_images/female/black/pexels-kaone-makoko-3785991.jpg,4.763182476685753,5.0
/home/ubuntu/mtcnn_aligned_images/female/black/kelly-fournier-rPykmpWcL5s-unsplash.jpg,8.83297244283998,5.047619047619047
/home/ubuntu/mtcnn_aligned_images/female/black/tyrell-charles-m4NimBSfcYI-unsplash.jpg,9.031714856205063,6.45
/home/ubuntu/mtcnn_aligned_images/female/black/portrait-856125_1920.jpg,3.9613299817085768,6.625
/home/ubuntu/mtcnn_aligned_images/female/black/juno-jo-nwdPxI1h4NQ-unsplash.jpg,7.3654632621690785,6.275
/home/ubuntu/mtcnn_aligned_images/female/black/pexels-athena-1831792.jpg,6.944378919504105,4.888888888888889
/home/ubuntu/mtcnn_aligned_images/female/black/pexels-moh-mckenzie-3597035.jpg,7.91001288363931,4.888888888888889
/home/ubuntu/mtcnn_aligned_images/female/black/pexels-murat-esibatir-4355346.jpg,8.074440307335731,7.833333333333333
/home/ubuntu/mtcnn_aligned_images/female/black/cheerleader-863890_1920.jpg,6.894301051329175,7.047619047619047
/home/ubuntu/mtcnn_aligned_images/female/black/prince-akachi-LWkFHEGpleE-unsplash.jpg,7.224392314900061,6.466666666666666
/home/ubuntu/mtcnn_aligned_images/female/black/john-torcasio-tgVm0tkbf1U-unsplash.jpg,8.102717539757801,6.095238095238095
/home/ubuntu/mtcnn_aligned_images/female/black/gustavo-lanes-ZaL84ooeZpk-unsplash.jpg,6.7115597719313556,6.888888888888889
/home/ubuntu/mtcnn_aligned_images/female/black/smile-2072907_1920.jpg,7.108372257908763,6.047619047619047
/home/ubuntu/mtcnn_aligned_images/female/black/gabriel-silverio-HibLL8rsiwc-unsplash.jpg,6.879655442655679,6.166666666666667
/home/ubuntu/mtcnn_aligned_images/female/black/gabrielle-henderson-hZpmaacR8gE-unsplash.jpg,5.117303303150809,5.083333333333333
/home/ubuntu/mtcnn_aligned_images/female/black/woman-1018284_1920.jpg,7.768706162056931,6.184210526315789
/home/ubuntu/mtcnn_aligned_images/female/black/models-2158971_1920.jpg,6.851920208283451,4.619047619047619
/home/ubuntu/mtcnn_aligned_images/female/black/pexels-marcelo-chagas-2539732.jpg,7.1710284236955655,7.888888888888889
/home/ubuntu/mtcnn_aligned_images/female/black/demorris-byrd-7Xqi7VLqfpA-unsplash.jpg,5.812418659514379,7.166666666666667
/home/ubuntu/mtcnn_aligned_images/female/black/lethu-zimu-bkyKiFfV91Q-unsplash.jpg,5.962963083713897,5.857142857142857
/home/ubuntu/mtcnn_aligned_images/female/black/olivier-rule-RKqIIjqWRak-unsplash.jpg,8.407618132441497,7.142857142857143
/home/ubuntu/mtcnn_aligned_images/female/black/ronise-da-luz-5DJ8sR-m58I-unsplash.jpg,6.982592657622558,7.75
/home/ubuntu/mtcnn_aligned_images/female/black/ziphaus-NizskSsegM8-unsplash.jpg,6.918957046405873,6.606060606060606
/home/ubuntu/mtcnn_aligned_images/female/black/david-todd-mccarty-e17ti0-AYoA-unsplash.jpg,8.873308542097858,6.166666666666667
/home/ubuntu/mtcnn_aligned_images/female/black/female-4899179_1920.jpg,5.940128395485801,6.433333333333333
/home/ubuntu/mtcnn_aligned_images/female/black/jovaughn-stephens-3ajz-2RgEi8-unsplash.jpg,6.253462236872311,7.095238095238095
/home/ubuntu/mtcnn_aligned_images/female/black/pexels-ogo-2434049.jpg,6.284835571324927,6.777777777777778
/home/ubuntu/mtcnn_aligned_images/female/black/27.jpg,6.6341381726318325,6.7
/home/ubuntu/mtcnn_aligned_images/female/black/34.jpg,6.632419977091437,7.142857142857143
/home/ubuntu/mtcnn_aligned_images/female/black/national-cancer-institute-duNbFJRhaJQ-unsplash.jpg,7.4309744726620455,4.333333333333333
/home/ubuntu/mtcnn_aligned_images/female/black/pexels-nappy-1068205.jpg,7.627848892090995,6.666666666666667
/home/ubuntu/mtcnn_aligned_images/female/black/chelsea-ferenando-LmYENEcVmqM-unsplash.jpg,6.5987062938459085,6.047619047619047
/home/ubuntu/mtcnn_aligned_images/female/black/etty-fidele-AzVexpHvuKY-unsplash.jpg,7.780767753493849,5.789473684210527
/home/ubuntu/mtcnn_aligned_images/female/black/girl-1868930_1920.jpg,7.266281446027886,5.428571428571429
/home/ubuntu/mtcnn_aligned_images/female/black/pablo-merchan-montes-ro1i0CMzBfI-unsplash.jpg,7.175520897014456,5.047619047619047
/home/ubuntu/mtcnn_aligned_images/female/black/ernan-solozabal-kfQWyxttMeQ-unsplash.jpg,7.263080711942039,6.111111111111111
/home/ubuntu/mtcnn_aligned_images/female/hispanic/red-4886345_1920.jpg,5.953858248778645,7.925
/home/ubuntu/mtcnn_aligned_images/female/hispanic/fashion-1107721_1920.jpg,6.422693532061719,8.105263157894736
/home/ubuntu/mtcnn_aligned_images/female/hispanic/priscilla-whendy-GLH_XaAvVQM-unsplash.jpg,6.983232661784725,7.083333333333333
/home/ubuntu/mtcnn_aligned_images/female/hispanic/islander-images-kwHBTNUQIqs-unsplash.jpg,7.9228976731281975,6.75
/home/ubuntu/mtcnn_aligned_images/female/hispanic/dorothy-puscas-kMgtp2f7yKs-unsplash.jpg,4.808738249659056,7.25
/home/ubuntu/mtcnn_aligned_images/female/hispanic/girl-4818720_1920.jpg,7.868518764464287,7.05
/home/ubuntu/mtcnn_aligned_images/female/hispanic/mark-decile-UU1d9HCtgaE-unsplash.jpg,6.230977145324039,7.25
/home/ubuntu/mtcnn_aligned_images/female/hispanic/pexels-ingrid-santana-2253707.jpg,7.100270220247693,7.666666666666667
/home/ubuntu/mtcnn_aligned_images/female/hispanic/christian-ferrer-aK5Dt6L6_hQ-unsplash.jpg,8.167883061884917,8.0
/home/ubuntu/mtcnn_aligned_images/female/hispanic/joanna-nix-walkup-u7_TR3LGqhU-unsplash.jpg,6.793454355419979,7.380952380952381
/home/ubuntu/mtcnn_aligned_images/female/hispanic/patrick-gillespie-8j0CTWsImzo-unsplash.jpg,5.09705598033298,7.083333333333333
/home/ubuntu/mtcnn_aligned_images/female/hispanic/2.jpg,6.559873440556689,6.133928571428571
/home/ubuntu/mtcnn_aligned_images/female/hispanic/woman-984247_1920.jpg,5.387582274031862,7.666666666666667
/home/ubuntu/mtcnn_aligned_images/female/hispanic/sabrina-may-iuJClDf7S-M-unsplash.jpg,8.460847458438316,6.916666666666667
/home/ubuntu/mtcnn_aligned_images/female/hispanic/26.jpg,6.45016643878612,7.380952380952381
/home/ubuntu/mtcnn_aligned_images/female/hispanic/22.jpg,8.706316815380397,6.052631578947368
/home/ubuntu/mtcnn_aligned_images/female/hispanic/andres-hernandez-KRwFmEBlgJo-unsplash.jpg,7.649271482223501,8.166666666666666
/home/ubuntu/mtcnn_aligned_images/female/hispanic/siavosh-hosseini-XIDBMAAHGpQ-unsplash.jpg,7.996866447349076,4.714285714285714
/home/ubuntu/mtcnn_aligned_images/female/hispanic/mateus-campos-felipe-ZxdJFgSGQBA-unsplash.jpg,5.117260887240119,6.833333333333333
/home/ubuntu/mtcnn_aligned_images/female/hispanic/girl-2410042_1920.jpg,7.496492076683717,6.476190476190476
/home/ubuntu/mtcnn_aligned_images/female/hispanic/girl-3839501_1920.jpg,5.614130910366157,8.476190476190476
/home/ubuntu/mtcnn_aligned_images/female/hispanic/egyptian-girl-4194413_1920.jpg,6.6947339381751565,7.183333333333334
/home/ubuntu/mtcnn_aligned_images/female/hispanic/couple-5227606_1920.jpg,7.83822646462746,6.666666666666667
/home/ubuntu/mtcnn_aligned_images/female/hispanic/matthew-reyes-Zh9KXMPIcVk-unsplash.jpg,7.585846901920541,6.6
/home/ubuntu/mtcnn_aligned_images/female/hispanic/kunj-parekh-VfC7Pm5BxuI-unsplash.jpg,7.078186645872374,7.3
/home/ubuntu/mtcnn_aligned_images/female/hispanic/ben-o-bro-ly748H13ts0-unsplash.jpg,6.671937846160025,6.825
/home/ubuntu/mtcnn_aligned_images/female/hispanic/pexels-nicole-michalou-5778909.jpg,6.631979743219908,6.444444444444445
/home/ubuntu/mtcnn_aligned_images/female/hispanic/raamin-ka-m8_JWQYF6GE-unsplash.jpg,7.988135090531789,7.083333333333333
/home/ubuntu/mtcnn_aligned_images/female/hispanic/pexels-ingrid-santana-2100063.jpg,5.099900909756755,8.88888888888889
/home/ubuntu/mtcnn_aligned_images/female/hispanic/25.jpg,6.76231456452572,7.333333333333333
/home/ubuntu/mtcnn_aligned_images/female/hispanic/girl-4610430_1920.jpg,7.380446723935142,6.45
/home/ubuntu/mtcnn_aligned_images/female/hispanic/jacob-mejicanos-gcYA1p1_b28-unsplash.jpg,7.700401193486342,6.583333333333333
/home/ubuntu/mtcnn_aligned_images/female/hispanic/beautiful-1274361_1920.jpg,5.96869666538392,8.333333333333334
/home/ubuntu/mtcnn_aligned_images/female/hispanic/mateus-campos-felipe-dQvUjiVaXCg-unsplash.jpg,6.2200737773497545,6.833333333333333
/home/ubuntu/mtcnn_aligned_images/female/hispanic/pexels-lehandross-2383118.jpg,5.258444030694198,7.777777777777778
/home/ubuntu/mtcnn_aligned_images/female/hispanic/obi-onyeador-02QKRJiv-JI-unsplash.jpg,4.022731568727127,5.523809523809524
/home/ubuntu/mtcnn_aligned_images/female/hispanic/vinicius-wiesehofer-UOavP_Z38lE-unsplash.jpg,5.962209108539869,8.166666666666666
/home/ubuntu/mtcnn_aligned_images/female/hispanic/raamin-ka-v8dc2XkhIfM-unsplash.jpg,6.966171258599147,7.666666666666667
/home/ubuntu/mtcnn_aligned_images/female/hispanic/girl-1258630_1920.jpg,6.274351217406074,6.2
/home/ubuntu/mtcnn_aligned_images/female/hispanic/pexels-bran-sodre-2446105.jpg,6.876849477786678,8.222222222222221
/home/ubuntu/mtcnn_aligned_images/female/hispanic/pexels-talal-hakim-4593319.jpg,6.326949956141699,7.888888888888889
/home/ubuntu/mtcnn_aligned_images/female/hispanic/willspirit-sbln--hNSeRvzgP8-unsplash.jpg,8.994480168037917,6.238095238095238
/home/ubuntu/mtcnn_aligned_images/female/hispanic/christina-wocintechchat-com-SJvDxw0azqw-unsplash.jpg,8.782002512505258,5.904761904761905
/home/ubuntu/mtcnn_aligned_images/female/hispanic/allef-vinicius-C_1jjFJioWg-unsplash.jpg,4.946592853953696,6.809523809523809
/home/ubuntu/mtcnn_aligned_images/female/hispanic/farhad-eidi-yfefPhTFWU8-unsplash.jpg,5.7782579054303485,6.333333333333333
/home/ubuntu/mtcnn_aligned_images/female/hispanic/shawn-olivier-boivin-blanchard-FBIGTYhErFw-unsplash.jpg,6.567046989447188,8.05
/home/ubuntu/mtcnn_aligned_images/female/hispanic/adult-1867720_1920.jpg,6.071149031242095,8.428571428571429
/home/ubuntu/mtcnn_aligned_images/female/hispanic/beautiful-1887355_1920.jpg,5.92702084427079,8.047619047619047
/home/ubuntu/mtcnn_aligned_images/female/hispanic/girl-883006_1920.jpg,6.620937426094471,5.666666666666666
/home/ubuntu/mtcnn_aligned_images/female/hispanic/kim-carpenter-IHIgnhLvz5Q-unsplash.jpg,8.351727168166626,5.9
/home/ubuntu/mtcnn_aligned_images/female/hispanic/pexels-tha¿¬s-silva-3135649.jpg,7.916760154104793,7.111111111111111
/home/ubuntu/mtcnn_aligned_images/female/hispanic/martin-lopez-mQVryuQEG_Y-unsplash.jpg,6.626756356982281,7.025
/home/ubuntu/mtcnn_aligned_images/female/hispanic/girl-2922427_1920.jpg,7.4204715524000555,6.075
/home/ubuntu/mtcnn_aligned_images/female/hispanic/9.jpg,6.749507665877722,7.007936507936509
/home/ubuntu/mtcnn_aligned_images/female/hispanic/hussein-sorkheveis-ACIknRqDnBQ-unsplash.jpg,6.061640045678278,7.904761904761905
/home/ubuntu/mtcnn_aligned_images/female/hispanic/omar-lopez-8dYeSX5x4HY-unsplash.jpg,7.980866134491791,7.333333333333333
/home/ubuntu/mtcnn_aligned_images/female/hispanic/joelvalve-7JEZ6laI4qM-unsplash.jpg,6.825568451726643,6.5
/home/ubuntu/mtcnn_aligned_images/female/hispanic/beautiful-19075_1920.jpg,6.7146706215000584,7.142857142857143
/home/ubuntu/mtcnn_aligned_images/female/hispanic/beautiful-1274056_1920.jpg,6.470997877692628,8.35
/home/ubuntu/mtcnn_aligned_images/female/hispanic/omid-armin-xOjzehJ49Hk-unsplash.jpg,4.124150521640946,7.142857142857143
/home/ubuntu/mtcnn_aligned_images/female/hispanic/confused-2681507_1920.jpg,6.31222739206156,4.775
/home/ubuntu/mtcnn_aligned_images/female/hispanic/mateus-campos-felipe-AMSLWjFhivg-unsplash.jpg,6.848768816440488,7.666666666666667
/home/ubuntu/mtcnn_aligned_images/female/hispanic/girl-676185_1920.jpg,4.547765780723614,7.190476190476191
/home/ubuntu/mtcnn_aligned_images/female/hispanic/jose-g-ortega-castro-qs_TbXSztSg-unsplash.jpg,6.878029068141158,5.5
/home/ubuntu/mtcnn_aligned_images/female/hispanic/julian-florez-l5rmMuK8070-unsplash.jpg,6.792687221530299,6.714285714285714
/home/ubuntu/mtcnn_aligned_images/female/hispanic/women-4043627_1920.jpg,7.49716177581772,6.619047619047619
/home/ubuntu/mtcnn_aligned_images/female/hispanic/omar-lopez-auEe5lKHZCw-unsplash.jpg,6.013411885200852,7.666666666666667
/home/ubuntu/mtcnn_aligned_images/female/hispanic/allef-vinicius-PA0vICn6DwE-unsplash.jpg,6.389066155920072,7.851851851851852
/home/ubuntu/mtcnn_aligned_images/female/hispanic/pretty-2682798_1920.jpg,6.604142350306257,7.380952380952381
/home/ubuntu/mtcnn_aligned_images/female/hispanic/keenan-constance-XSCvo0loB-Q-unsplash.jpg,6.137402729649416,7.666666666666667
/home/ubuntu/mtcnn_aligned_images/female/hispanic/pexels-alex-green-5699868.jpg,5.906805606597198,7.444444444444445
/home/ubuntu/mtcnn_aligned_images/female/hispanic/summer-carnival-4408804_1920.jpg,6.173706464583835,6.736842105263158
/home/ubuntu/mtcnn_aligned_images/female/hispanic/joe-milne-MuDYCc7EE_o-unsplash.jpg,6.684872712728446,7.083333333333333
/home/ubuntu/mtcnn_aligned_images/female/hispanic/raamin-ka-ucfVRXL2PrY-unsplash.jpg,5.231675316232611,8.583333333333334
/home/ubuntu/mtcnn_aligned_images/female/hispanic/febri-sym-HKuhUKNWFtY-unsplash.jpg,6.966381258316706,7.275
/home/ubuntu/mtcnn_aligned_images/female/hispanic/jonathan-borba-UdhvRvpaBP0-unsplash.jpg,6.178805501628583,7.083333333333333
/home/ubuntu/mtcnn_aligned_images/female/hispanic/obi-onyeador-7ckRPDhlgOk-unsplash.jpg,5.9210453155625355,6.416666666666666
/home/ubuntu/mtcnn_aligned_images/female/hispanic/khaled-ghareeb-bcQh4nVETaY-unsplash.jpg,6.922494641757007,7.428571428571429
/home/ubuntu/mtcnn_aligned_images/female/hispanic/tabitha-turner-NlN-dY9Fk3A-unsplash.jpg,5.6150683904008405,7.342105263157895
/home/ubuntu/mtcnn_aligned_images/female/hispanic/mateus-campos-felipe-64sktAOWasI-unsplash.jpg,7.135808545480048,5.5
/home/ubuntu/mtcnn_aligned_images/female/hispanic/ayo-ogunseinde-THIs-cpyebg-unsplash.jpg,7.214584461206147,6.15
/home/ubuntu/mtcnn_aligned_images/female/hispanic/bruno-dias-D22Tgx6TP5M-unsplash.jpg,7.207273027569013,6.75
/home/ubuntu/mtcnn_aligned_images/female/hispanic/beautiful-1869534_1920.jpg,6.826066504459233,7.222222222222222
/home/ubuntu/mtcnn_aligned_images/female/hispanic/madison-hedgecock-tacwAxr3PvU-unsplash.jpg,5.955327851233059,7.5
/home/ubuntu/mtcnn_aligned_images/female/hispanic/alex-blajan-iRsktlI-hls-unsplash.jpg,8.180276961944262,6.15
/home/ubuntu/mtcnn_aligned_images/female/hispanic/woman-5225288_1920.jpg,8.104304642518935,6.888888888888889
/home/ubuntu/mtcnn_aligned_images/female/hispanic/woman-2773007_1920.jpg,5.993426330610556,7.444444444444445
/home/ubuntu/mtcnn_aligned_images/female/hispanic/matteo-minoglio-ywl3J10ZmBI-unsplash.jpg,7.10220503802223,6.0
/home/ubuntu/mtcnn_aligned_images/female/hispanic/conner-ching-b9833srFlac-unsplash.jpg,5.96844382533111,6.833333333333333
/home/ubuntu/mtcnn_aligned_images/female/hispanic/58.jpg,7.528460551226283,7.95
/home/ubuntu/mtcnn_aligned_images/female/hispanic/joseph-perez-pSa5RttmLHs-unsplash.jpg,8.62113086893327,6.5
/home/ubuntu/mtcnn_aligned_images/female/hispanic/amir-taheri-tJDKalQxTxo-unsplash.jpg,7.250678032920657,8.166666666666666
/home/ubuntu/mtcnn_aligned_images/female/hispanic/irene-strong-MgvAATOwJBc-unsplash.jpg,6.251754252332296,6.833333333333333
/home/ubuntu/mtcnn_aligned_images/female/hispanic/pexels-dalila-dalprat-1853049.jpg,7.960590872798064,8.0
/home/ubuntu/mtcnn_aligned_images/female/hispanic/anastasiya-pavlova-v6XumrQC1NA-unsplash.jpg,7.460126356992433,6.904761904761905
/home/ubuntu/mtcnn_aligned_images/female/hispanic/giano-currie-5-9YOsmf8IQ-unsplash.jpg,7.623547961269513,6.75
/home/ubuntu/mtcnn_aligned_images/female/hispanic/mateus-campos-felipe-Fsgzm8N0hIY-unsplash.jpg,6.727098173433201,7.571428571428571
/home/ubuntu/mtcnn_aligned_images/female/hispanic/samantha-green-0D1Fm1Fkblo-unsplash.jpg,6.307748217608375,7.888888888888889
/home/ubuntu/mtcnn_aligned_images/female/hispanic/rafaella-mendes-diniz-AoL-mVxprmk-unsplash.jpg,7.93051601766494,8.0
/home/ubuntu/mtcnn_aligned_images/female/hispanic/woman-5870296_1920.jpg,6.628101968040755,8.444444444444445
/home/ubuntu/mtcnn_aligned_images/female/hispanic/ernest-brillo-U2TP4-H8ly4-unsplash.jpg,6.509511035159338,5.947368421052632
/home/ubuntu/mtcnn_aligned_images/female/hispanic/alex-avalos-M1dTxJm6Lbo-unsplash.jpg,6.917273455518105,6.761904761904762
/home/ubuntu/mtcnn_aligned_images/female/hispanic/raamin-ka-kYtN89E5ce4-unsplash.jpg,5.986332331871477,7.25
/home/ubuntu/mtcnn_aligned_images/female/hispanic/pexels-daniel-xavier-1239288.jpg,6.637171319113931,6.666666666666667
/home/ubuntu/mtcnn_aligned_images/female/hispanic/mateus-campos-felipe-zd8px974bC8-unsplash.jpg,6.808008530465386,7.583333333333333
/home/ubuntu/mtcnn_aligned_images/female/hispanic/david-suarez-d81WD5Q87E0-unsplash.jpg,3.7029397812111813,7.333333333333333
/home/ubuntu/mtcnn_aligned_images/female/hispanic/mohammed-hassan-MOR6bWWuy-A-unsplash.jpg,7.579101753633824,4.683333333333334
/home/ubuntu/mtcnn_aligned_images/female/hispanic/girl-390568_1920.jpg,6.2691412807462354,5.047619047619047
/home/ubuntu/mtcnn_aligned_images/female/hispanic/mateus-campos-felipe-JoM_lC1WAnE-unsplash.jpg,7.858267372255677,7.333333333333333
/home/ubuntu/mtcnn_aligned_images/female/hispanic/reza-gholami-bgf_I27qcmM-unsplash.jpg,5.603516926003247,7.4
/home/ubuntu/mtcnn_aligned_images/female/hispanic/steven-aguilar-9kmy3mYHo6Y-unsplash.jpg,8.045031552213233,6.916666666666667
/home/ubuntu/mtcnn_aligned_images/female/hispanic/girl1.jpg,4.844035418629738,7.898809523809524
/home/ubuntu/mtcnn_aligned_images/female/hispanic/francesca-zama-1fhl_kmbfAE-unsplash.jpg,6.075500215523463,9.222222222222221
/home/ubuntu/mtcnn_aligned_images/female/hispanic/pexels-thiago-machado-1853035.jpg,5.874259626254698,7.111111111111111
/home/ubuntu/mtcnn_aligned_images/female/hispanic/marisol-casben-PbwKSCq9aVo-unsplash.jpg,6.222635888104229,3.952380952380953
/home/ubuntu/mtcnn_aligned_images/female/hispanic/raamin-ka-8J56bYMT3-Q-unsplash.jpg,5.832602927862871,7.142857142857143
/home/ubuntu/mtcnn_aligned_images/female/hispanic/mark-decile-hAw-uxfLXD4-unsplash.jpg,7.717728370281705,6.775
/home/ubuntu/mtcnn_aligned_images/female/hispanic/dollar-gill-qBhFwtGQGag-unsplash.jpg,5.356329880837876,7.166666666666667
/home/ubuntu/mtcnn_aligned_images/female/hispanic/blake-carpenter-qWiJBa6soE0-unsplash.jpg,4.692057720454516,7.095238095238095
/home/ubuntu/mtcnn_aligned_images/female/hispanic/huseyin-topcu-pE5dKSGH6G8-unsplash(1).jpg,6.322233918285027,7.380952380952381
/home/ubuntu/mtcnn_aligned_images/female/hispanic/allef-vinicius-Q9L-n57IqLw-unsplash.jpg,5.910958115423626,6.952380952380953
/home/ubuntu/mtcnn_aligned_images/female/hispanic/hian-oliveira-n_L_ppO4QtY-unsplash.jpg,6.440545768244772,6.933333333333334
/home/ubuntu/mtcnn_aligned_images/female/hispanic/girl-608827_1920.jpg,6.792367472507815,5.571428571428571
/home/ubuntu/mtcnn_aligned_images/female/hispanic/4.jpg,8.172216402613524,6.83076923076923
/home/ubuntu/mtcnn_aligned_images/female/hispanic/sergio-souza-P-PKKQvASEE-unsplash.jpg,5.82700266010525,7.333333333333333
/home/ubuntu/mtcnn_aligned_images/female/hispanic/luiza-braun-_R3H5FaoBq4-unsplash.jpg,7.227210608717257,5.714285714285714
/home/ubuntu/mtcnn_aligned_images/female/hispanic/woman-4552028_1920.jpg,5.86727875498626,4.333333333333333
/home/ubuntu/mtcnn_aligned_images/female/hispanic/simon-marsault-2901RQjU0ZQ-unsplash.jpg,7.760433392978901,6.619047619047619
/home/ubuntu/mtcnn_aligned_images/female/hispanic/portrait-4717916_1920.jpg,5.893786621245274,7.714285714285714
/home/ubuntu/mtcnn_aligned_images/female/hispanic/omar-lopez-nomivMNW07o-unsplash.jpg,5.548796543672465,7.5
/home/ubuntu/mtcnn_aligned_images/female/hispanic/zulmaury-saavedra--Keh6vLM7w0-unsplash.jpg,4.509086724695834,6.714285714285714
/home/ubuntu/mtcnn_aligned_images/female/hispanic/raamin-ka-zfWcUc48WXk-unsplash.jpg,7.795936550287392,7.416666666666667
/home/ubuntu/mtcnn_aligned_images/female/hispanic/arid-1868523_1920.jpg,6.153440880762068,7.904761904761905
/home/ubuntu/mtcnn_aligned_images/female/hispanic/raamin-ka-4lQmQ_DBbNc-unsplash.jpg,7.969521073934254,7.625
/home/ubuntu/mtcnn_aligned_images/female/hispanic/ali-pazani-s9PJ3mD5KvY-unsplash.jpg,7.509816988507828,7.583333333333333
/home/ubuntu/mtcnn_aligned_images/female/hispanic/pexels-du-photographer-1843667.jpg,6.409967919513929,7.222222222222222
/home/ubuntu/mtcnn_aligned_images/female/hispanic/shahin-khalaji-NdGrKgLVbIA-unsplash.jpg,4.439731008099283,7.0
/home/ubuntu/mtcnn_aligned_images/female/hispanic/gama-films-h_9KkS8c9Sw-unsplash.jpg,6.686805038659949,5.80701754385965
/home/ubuntu/mtcnn_aligned_images/female/hispanic/omar-lopez-0-uzdU3gUYw-unsplash.jpg,5.963017181492457,7.166666666666667
/home/ubuntu/mtcnn_aligned_images/female/hispanic/vinicius-amnx-amano-4mK2KVuYrDs-unsplash.jpg,7.763512569084963,7.833333333333333
/home/ubuntu/mtcnn_aligned_images/female/hispanic/engin-akyurt-N7YaZf7szz0-unsplash.jpg,7.217107330954539,6.380952380952381
/home/ubuntu/mtcnn_aligned_images/female/hispanic/matteo-minoglio-jjveuyKSv0g-unsplash.jpg,7.199241718230886,6.857142857142857
/home/ubuntu/mtcnn_aligned_images/female/hispanic/tyler-nix-CsR_n6i__L0-unsplash.jpg,4.996447615791758,8.166666666666666
/home/ubuntu/mtcnn_aligned_images/female/hispanic/beautiful-1845148_1920.jpg,8.90913112893073,7.868421052631579
/home/ubuntu/mtcnn_aligned_images/female/hispanic/woman-3191152_1920.jpg,7.662342004166084,7.476190476190476
/home/ubuntu/mtcnn_aligned_images/female/hispanic/juan-encalada-vIM0htb0gJs-unsplash.jpg,8.411483189299085,3.666666666666667
/home/ubuntu/mtcnn_aligned_images/female/hispanic/mateus-campos-felipe-csdVYOLOqls-unsplash.jpg,6.655735662440431,5.916666666666667
/home/ubuntu/mtcnn_aligned_images/female/hispanic/raamin-ka-wUKtCWijJTQ-unsplash.jpg,6.384420494054921,8.333333333333334
/home/ubuntu/mtcnn_aligned_images/female/hispanic/portrait-4137472_1920.jpg,6.482227323292719,7.476190476190476
/home/ubuntu/mtcnn_aligned_images/female/caucasian/theo-rql-a4pyoiTdSqI-unsplash.jpg,5.951045226617498,8.025
/home/ubuntu/mtcnn_aligned_images/female/caucasian/patrik-velich-RtVGS4vGkgM-unsplash.jpg,6.856117448531579,6.952380952380953
/home/ubuntu/mtcnn_aligned_images/female/caucasian/soroush-karimi-Zwa7DtcYUb0-unsplash.jpg,7.3250635236519255,7.45
/home/ubuntu/mtcnn_aligned_images/female/caucasian/rad-pozniakov-J-fH2bKQQIA-unsplash.jpg,6.333860089073444,3.875
/home/ubuntu/mtcnn_aligned_images/female/caucasian/woman-435852_1920.jpg,7.070880942323955,6.285714285714286
/home/ubuntu/mtcnn_aligned_images/female/caucasian/cold-1284029_1920.jpg,7.679449915106432,8.19047619047619
/home/ubuntu/mtcnn_aligned_images/female/caucasian/manny-moreno-2HTX85gxynM-unsplash.jpg,6.3289270552489905,7.476190476190476
/home/ubuntu/mtcnn_aligned_images/female/caucasian/portrait-3190849_1920.jpg,6.188545548586262,8.31578947368421
/home/ubuntu/mtcnn_aligned_images/female/caucasian/bradley-dunn-Hy879rKHhbc-unsplash.jpg,5.473508670792659,6.45
/home/ubuntu/mtcnn_aligned_images/female/caucasian/gabriel-silverio-u3WmDyKGsrY-unsplash.jpg,7.6970494899973225,4.714285714285714
/home/ubuntu/mtcnn_aligned_images/female/caucasian/julia-kadel-Eqj3c1nynP4-unsplash.jpg,4.769395944445073,6.476190476190476
/home/ubuntu/mtcnn_aligned_images/female/caucasian/logan-weaver-GLE_xlFgXTI-unsplash.jpg,5.977554945581007,7.761904761904762
/home/ubuntu/mtcnn_aligned_images/female/caucasian/ahmadreza-najafi-VjxPbl_ErF8-unsplash.jpg,6.209244149153914,6.2
/home/ubuntu/mtcnn_aligned_images/female/caucasian/pexels-aadil-2598024.jpg,4.743291992338001,5.888888888888889
/home/ubuntu/mtcnn_aligned_images/female/caucasian/pexels-mbardo-5293989.jpg,6.9649394725555265,8.0
/home/ubuntu/mtcnn_aligned_images/female/caucasian/karsten-winegeart-U-jSHnClgNU-unsplash(1).jpg,6.874725457839353,4.619047619047619
/home/ubuntu/mtcnn_aligned_images/female/caucasian/yours-UecWQkR6M4s-unsplash.jpg,6.698452195700988,6.857142857142857
/home/ubuntu/mtcnn_aligned_images/female/caucasian/dane-wetton-0AqoGTLmIjQ-unsplash.jpg,6.728586733302588,7.416666666666667
/home/ubuntu/mtcnn_aligned_images/female/caucasian/fashion-238553_1920.jpg,5.492179829224705,6.8
/home/ubuntu/mtcnn_aligned_images/female/caucasian/girl-919048_1920.jpg,6.8081241108149575,7.525
/home/ubuntu/mtcnn_aligned_images/female/caucasian/ilya-mirnyy-FrkBU4xWB9g-unsplash.jpg,7.379425135094346,6.095238095238095
/home/ubuntu/mtcnn_aligned_images/female/caucasian/girl-868785_1920.jpg,6.6750431098817335,6.587719298245614
/home/ubuntu/mtcnn_aligned_images/female/caucasian/girl-2359121_1920.jpg,8.107724581498356,7.714285714285714
/home/ubuntu/mtcnn_aligned_images/female/caucasian/girl-3023831_1920.jpg,7.345644270329635,7.095238095238095
/home/ubuntu/mtcnn_aligned_images/female/caucasian/woman-2293390_1920.jpg,7.395453937971414,6.575
